LI12_1,LI12_2,LI12_3,LI12_4,LI12_5,LI12_6,LI12_7,LI12_8,LI12_9,LI12_10,LI12_11,LI12_12,LI12_13,LI12_14,LI12_15,LI12_16,LI12_17,LI12_18,LI12_19,LI12_20,LI12_21,LI12_22,LI12_23,LI12_24,LI12_25,LI12_26,LI12_27,LI12_28,LI12_29,LI12_30,LI12_31,LI12_32,LI12_33,LI12_34,LI12_35,LI12_36,LI12_37,LI12_38,LI12_39,LI12_40,LI12_41,LI12_42,LI12_43,LI12_44,LI12_45,LI12_46,LI12_47,LI12_48,LI12_49,LI12_50,LI12_51,LI12_52,LI12_53,LI12_54,LI12_55,LI12_56,LI12_57,LI12_58,LI12_59,LI12_60,LI12_61,LI12_62,LI12_63,LI12_64,LI12_65,LI12_66,LI12_67,LI12_68,LI12_69,LI12_70,LI12_71,LI12_72,LI12_73,LI12_74,LI12_75,LI12_76,LI12_77,LI12_78,LI12_79,LI12_80,LI12_81,LI12_82,LI12_83,LI12_84,LI12_85,LI12_86,LI12_87,LI12_88,LI12_89,LI12_90,LI12_91,LI12_92,LI12_93,LI12_94,LI12_95,LI12_96,LI12_97,LI12_98,LI12_99,LI12_100,LI22_1,LI22_2,LI22_3,LI22_4,LI22_5,LI22_6,LI22_7,LI22_8,LI22_9,LI22_10,LI22_11,LI22_12,LI22_13,LI22_14,LI22_15,LI22_16,LI22_17,LI22_18,LI22_19,LI22_20,LI22_21,LI22_22,LI22_23,LI22_24,LI22_25,LI22_26,LI22_27,LI22_28,LI22_29,LI22_30,LI22_31,LI22_32,LI22_33,LI22_34,LI22_35,LI22_36,LI22_37,LI22_38,LI22_39,LI22_40,LI22_41,LI22_42,LI22_43,LI22_44,LI22_45,LI22_46,LI22_47,LI22_48,LI22_49,LI22_50,LI22_51,LI22_52,LI22_53,LI22_54,LI22_55,LI22_56,LI22_57,LI22_58,LI22_59,LI22_60,LI22_61,LI22_62,LI22_63,LI22_64,LI22_65,LI22_66,LI22_67,LI22_68,LI22_69,LI22_70,LI22_71,LI22_72,LI22_73,LI22_74,LI22_75,LI22_76,LI22_77,LI22_78,LI22_79,LI22_80,LI22_81,LI22_82,LI22_83,LI22_84,LI22_85,LI22_86,LI22_87,LI22_88,LI22_89,LI22_90,LI22_91,LI22_92,LI22_93,LI22_94,LI22_95,LI22_96,LI22_97,LI22_98,LI22_99,LI22_100
-0.170201930925446,-0.37814489427251,-0.00802966386802945,-0.0731084050978111,-0.403391618435028,0.0103387451525151,-0.167114113054278,0.0129257046339663,0.175844475662195,0.106678205412274,-0.105441167731355,0.0526074985995258,-0.0514383424851462,-0.343309734301254,-0.0844143022109863,0.115903403292769,0.0175891795958695,0.247715605420363,-0.424698186869208,-0.261708679902582,-0.0741779171912488,-0.3612139387918,-0.026612648120718,-0.0713353642924303,-0.0831352678420159,0.0758935338687308,-0.170784772572157,-0.101901820405087,-0.136865949255897,0.0887030523823663,0.00113111834519318,-0.0655118968916618,-0.191836272612515,-0.0975794394987073,-0.113130348174118,-0.0692522806541945,-0.243524049811821,0.264103037426615,-0.121801795942992,-0.102912219604437,0.0574653309017954,0.234378949080405,0.33379330463166,0.165493416079053,-0.00645186017838115,0.246252772192266,0.430297335205991,0.185092436684109,0.153999229381428,0.484479302667476,0.419108153105763,-0.0214533361526503,-0.111619283619081,0.346933287143402,0.104183723721053,-0.0914977334378535,0.0917991105034604,0.503393927456481,0.469055181292034,0.316220891090878,0.508377397310221,0.264563632393709,0.115185951681849,0.283563748567804,0.377030764045604,0.407124719952773,0.342479567910116,0.380809752438004,0.338421203332417,0.377007358638943,0.127356116444477,-0.0243146886242973,0.139123260315145,0.302166315223623,0.306671318819977,0.131291064011502,0.145075653784053,-0.049595412409393,0.213996169390911,-0.149261450591595,-0.0499414196633954,0.410226929943535,0.324889292434045,0.043136423805492,0.494688696482201,0.225269132930385,0.289854130573822,0.308071757112546,0.220172789758302,0.359038541377404,0.103120772392244,0.376979835987671,0.496982663092497,0.300071991048473,-0.280406958411617,0.218430969741298,0.312051221774282,0.00864162794791276,-0.173224906104955,-0.123342295001495,-0.2705615785219,-0.223020016180275,-0.40591083536666,-0.364343458023964,-0.28063017741729,-0.353292605877629,-0.325601973538226,-0.315836620478998,-0.383831959085611,-0.250992942072593,-0.349769108860093,-0.555626836978448,-0.236578962657699,-0.0572758960633288,-0.135489325125703,-0.341575437936652,-0.331120669357085,-0.442505358560459,-0.16275381664906,-0.185954943843563,-0.352004370870607,-0.145177945945443,-0.325028029356649,-0.218238543059912,-0.165343361059097,-0.533711465748077,-0.076595034454986,-0.31750325681756,-0.311472763668693,-0.223056992238699,-0.205667039014564,-0.247650016271378,-0.179921526362717,-0.444330850241651,-0.283682594209783,-0.483808306644601,-0.181148984008649,-0.487653214592275,-0.209256559453885,-0.234167456192505,-0.390661921176909,-0.0994092956783886,-0.33879106471202,-0.249645359035501,-0.326307285709921,-0.281647477936584,-0.468394693084502,-0.20134281897845,-0.168757561898936,-0.491725440951125,-0.649647512730292,-0.256916339814568,-0.197388174611129,-0.441973990364157,-0.19088965188655,-0.306864085882985,-0.0974551977549787,-0.384925758522013,-0.480742375123637,-0.209759803101562,-0.534377947427649,-0.470952017206313,-0.517073322732712,-0.159467885544894,-0.250991629246193,-0.420023117261349,-0.188962072070961,-0.64583973198662,-0.543136922222849,-0.306336284882555,-0.304988508125511,-0.220429764597938,-0.0343222402560883,-0.264027459025271,-0.440602817483692,-0.233765834300314,-0.280247695810988,-0.126893824733904,-0.272215090022138,-0.0266474679748261,-0.121975484221083,-0.453691699100589,-0.285868582427047,0.084832330598323,-0.47405019797938,-0.312015841778003,-0.192275258477102,-0.271666696781509,-0.253975650433468,-0.360085841310736,-0.323245019202867,-0.351252135161336,-0.411160105346718,-0.271727347899229,-0.00890338043934874,-0.312484543094525,-0.338269802099282,-0.260463543132069,-0.191923072858751,-0.11277962121275
-0.194297019210187,-0.104445121417261,-0.0855862460743304,0.0950030371593279,0.0686784983045441,-0.04024415316404,-0.206274996950486,-0.514618955475495,-0.240709358545035,-0.0746578888020197,0.367713478890868,-0.0643497659603045,0.206230965919826,-0.179839242811239,-0.193048805230771,-0.25002992505556,-0.231510416585029,-0.0481824740571012,0.0126736756696823,-0.343933867498634,-0.0176918070141542,-0.0367022730490581,-0.117845300711917,0.049233685867709,0.381656963190792,0.0483596677964334,-0.0819429344231715,-0.193250101476413,0.0488364184144609,0.033641424451217,0.0104775310459724,0.0786783126607913,-0.0610146041519546,0.398981862358295,0.392322016420144,0.554709185094668,-0.023511660159391,0.337321527318146,0.359167581449438,0.337438781809717,0.348090540788072,0.202476544749359,0.323386239755672,0.328105454856359,0.348341648407054,0.145221306775647,0.472434289780099,0.395518452366003,0.359781793973928,0.646368016939028,0.223754913604734,0.214204443599192,0.295314837080054,0.45257695311815,0.396560817746723,0.450836592130928,0.272975586587376,0.522776403369742,0.134997281932624,0.414823878591233,0.268886942390707,0.218168252287498,0.294836967633988,0.0190346310679094,0.312942394563509,0.130363640275987,0.548903865221864,0.360065236684469,0.542022817219678,0.263438699213769,0.256111569150749,0.543394950097187,0.303206826480604,0.319928646269044,-0.071731013613297,0.307786661314714,-0.0206790512163319,0.227768061487482,0.407948788666208,0.144711720720108,0.0389161147375959,0.0736673524686284,0.219763579344002,0.721342062195028,0.2928131620139,0.535175188594859,0.444101000168435,0.201738670959084,0.0856590907838927,0.0238868401331715,0.0958677923184107,0.553050108431885,0.163787795916087,0.135145232031463,0.190509145695169,0.319195942890799,0.240208896263052,0.213611451995924,0.0587808209593033,-0.206070922323357,-0.241340574077211,-0.288717617791894,-0.386450609045772,-0.240208537866985,-0.414265847146192,-0.276882910094099,-0.212063693726319,-0.403359918894131,-0.36859765371219,-0.284319273418479,-0.402452271013107,-0.331376822846732,-0.147171853207292,-0.298872254806439,-0.122795339121258,-0.296903814919463,-0.262957970635082,-0.251029561856093,-0.279854121712489,-0.169283721492076,-0.113027792193477,-0.338452559285461,-0.081907636827288,-0.260043398573039,-0.319978662690113,-0.277151309370764,-0.275044621324624,-0.238972142137395,-0.348278095751355,-0.267497874491664,-0.290534715527796,-0.375112144953207,-0.238770238093551,-0.422600977627807,-0.558519257192681,-0.473276930894406,-0.161565685039321,-0.366674101982932,-0.428000393238702,-0.414827114841233,-0.433328010144264,-0.399911874128835,-0.400077960155193,-0.425084159201093,-0.383297031771922,-0.275875597151555,-0.354553678517929,-0.248156684606919,-0.219339188711911,-0.570814392115257,-0.321306059873639,-0.193413821743346,-0.285240716746607,-0.384670727133938,-0.211843694627389,-0.409021861276764,-0.241860133738026,-0.217786114314654,-0.170788330158834,-0.391886259285822,-0.141617597385445,-0.334936812868259,-0.258479868724753,-0.16544921936069,-0.274403103998562,-0.0419765915412287,-0.368078282008598,-0.371348381258748,-0.389945666941885,-0.288976849249736,-0.28163327685968,-0.472098496984555,-0.213598858485209,-0.23345462953528,0.10348171165323,-0.380901065427554,-0.175434899931493,-0.315364645364182,-0.489060636693179,-0.236056696553298,-0.116642229761773,-0.0582893117803177,0.00522456760962935,-0.481440738168313,-0.290062753095855,-0.354907257811155,-0.305047004051807,-0.109997770571494,-0.191162111540775,-0.0707121822388601,-0.077571089197166,-0.408507596378723,-0.189414556436864,-0.185628806022839,-0.160461000362998,-0.239235492665214,-0.0317227155043176,-0.232575755065734,0.0443084124181398,0.278864829386993
-0.129915720053519,-0.076656123852492,0.0266352410367561,-0.0344260906060828,0.0352164097183077,0.390695040231251,-0.0957519922952201,-0.214148115653227,0.288415659818891,-0.087673068420676,-0.223228927186016,0.249968555544088,0.367719972779456,-0.181668943458994,-0.126230229314871,-0.21282390386854,-0.0966217180098966,0.297871245553535,-0.160424846337401,-0.190457470781861,-0.133684698430788,-0.0287617506246661,-0.30394891429698,0.0967307853576803,-0.173950203385555,-0.0509957537758247,0.105452253663085,-0.126798852804242,0.010091711221411,0.43993983784744,0.0109758136846622,0.440198800004067,0.268435678494689,0.0201664487995999,0.441290430076972,0.00920262924831574,0.266335983722554,0.241992576856835,0.241958693058193,0.308615288216519,0.292176438532688,0.230628446389124,0.253967619042263,0.151045994671126,0.34792489482087,0.43267432683464,0.375011587667356,0.186719070824028,-0.298536319861782,0.322503940121771,0.134883689797026,0.42053654708979,0.154766205589242,0.208940782325877,0.0403590133288876,0.289513966295075,0.311669575546183,0.100549598014266,0.217065900018984,0.28639211364053,0.391323333441456,0.156945248414199,0.37906171761265,0.537290871274075,0.217984414320102,0.563097297663885,0.580781799385286,0.47361770067981,0.165112042953351,0.276251596469416,0.444091592499376,0.186132591525255,0.539195269161361,0.599960860801463,0.274583882689287,0.431534358712429,0.461124527973949,0.412981131782495,0.397203501484359,0.435042117034446,0.215041352439015,0.314226795064837,0.359934189887398,0.625050244541794,0.465095995686697,0.310384556458554,0.506852020323381,0.490703439215921,0.415336769584605,0.517201835989737,0.658167877201697,0.57473535615609,0.141104044507804,0.454163918046175,0.351860364889994,0.307097648639376,0.522350165126048,0.453670666150139,0.564004267703275,0.554020431115992,-0.184181876619369,-0.305076056929448,-0.310053856842312,-0.292489864890092,-0.28380052735814,-0.322801466370888,-0.419730125487161,-0.236817478768424,-0.504308008512536,-0.463096702731776,-0.215374292161559,-0.210410134417217,-0.407449362997995,-0.40035290944574,-0.198599368129659,-0.322145711029086,-0.294865965296289,-0.369126153052094,-0.256755630039779,-0.214797898252772,-0.253089869704562,-0.223943403277835,-0.184786660191493,-0.500479628757942,-0.122023944280614,-0.221400311807419,-0.361600893855615,-0.221934326641913,-0.334853813860586,-0.484193909969677,-0.106656769448998,-0.476363184574523,-0.521121574247451,-0.238714415207458,-0.522898361889954,-0.242013347887007,-0.281280606090878,-0.41419105135448,-0.263959231588388,-0.347268858866805,-0.236436667807583,-0.337684741844015,-0.524407655660132,-0.172694486013382,-0.276850509311664,-0.476562993180427,-0.346545586588451,-0.293853840115472,-0.0728346811419107,-0.358265505699342,-0.212107268536621,-0.509291882824461,-0.29605764996273,-0.363624568758218,-0.293032177028312,-0.29626260415033,-0.464228241801674,-0.0595567192296813,-0.408726071092761,-0.198092285928008,-0.403941190656079,-0.125186051855411,-0.193727160823583,-0.671462891239702,-0.257932736587487,-0.710469107742645,-0.494000148783391,-0.285267136634258,-0.24331396755918,-0.383357251969864,-0.39375902556951,-0.262704928643906,-0.495640936070274,-0.469991931747882,-0.340301864268815,-0.701984877943217,-0.49104486670885,-0.257223090962072,-0.287309999771054,-0.471850955493329,-0.265430031942534,-0.383941720963067,-0.502536238302147,-0.567773638009264,-0.384680979770987,-0.259841212180723,-0.414306045160522,-0.53455156746242,-0.289477106594218,-0.37916269990019,-0.714519929878221,-0.552581184281112,-0.124778409990133,-0.615121112111957,-0.445450797212668,-0.367108458631895,-0.298906762266077,-0.218748964690842,-0.598841911574549,-0.477611677301366
-0.0234504841311196,-0.121102507992721,0.0124116852594718,-0.0138619889652549,-0.134353732734042,-0.234145311068713,-0.00594229226081357,-0.17668976236975,-0.310603566375594,-0.000662931937126203,0.323475651276116,-0.094833980113199,-0.0859916094937729,-0.0748428790126082,-0.441204060607775,-0.253803890423687,-0.0972662600485559,-0.200492467574404,0.201651450474763,0.0661736341071632,-0.118450789445304,0.206025677195819,0.0931094713411977,0.0382417680882191,-0.0970139508047836,0.0493791136853658,-0.0646741280457635,-0.0856897346425857,-0.245701002436876,-0.256935723816183,0.0199648284490594,0.122822336152646,-0.135706519987069,0.0719461090410906,0.0484786240141836,0.0453912904478989,-0.00332483506176727,-0.00677602323654612,0.25703861861969,-0.102401982157994,0.0825318036562313,-0.100720810692112,-0.0883205128301954,-0.0914381200534081,-0.041608820037283,-0.104648254175115,0.00621393366495442,-0.0528186701460322,-0.0156613301109475,0.011773534847263,0.359026329192664,0.100262210345109,0.421246689761194,0.352236046845525,0.108591851142032,0.420092481663046,0.0199438125994655,0.140377044856241,0.382303115830703,-0.0295665587281594,0.0665325473540317,0.0651624416541507,-0.0415091659726934,-0.134872357670571,0.425818651581028,0.0968026886218068,-0.174598155322826,-0.0259775725960158,0.255244369497207,-0.113586661131841,0.0859168220383466,0.315573647662574,0.262999065258853,0.444740412792029,0.508404204944912,0.128586621716853,0.598517213731304,0.473359341218624,0.163417272591738,0.39488026382986,0.473159977662989,0.1072062731762,0.10784340467705,0.0269563162953462,0.59950057489939,0.0632384858371167,-0.0560709580684212,0.564810058193527,0.339329484691765,0.498647489839079,0.385993851346568,0.395329101016079,0.181297532769179,0.329126100712327,0.37233227662354,0.341144350837634,0.437043835209793,0.430189942974986,0.241004641191275,0.438223925780953,-0.206212720157629,-0.501220706935056,-0.306089258288048,-0.365548533239998,-0.29560496903319,-0.273106425558635,-0.278921904967635,-0.276638231274068,-0.151920909595655,-0.300541293571079,-0.425044274644539,-0.501983279298587,-0.229821797308519,-0.222337611201179,-0.203986902058489,-0.251015775858064,-0.278119613325692,-0.477948819423629,-0.291387709073678,-0.365231734701925,-0.240461103401709,-0.211599483653521,-0.38229383860553,-0.261776768897988,-0.206452682173029,-0.371279887615968,-0.349507594439402,-0.124954735522209,-0.186767614166951,-0.148007082701791,-0.0633918926538132,-0.275055880772859,-0.236296638006403,-0.300936928834256,-0.394348966129108,-0.177273099947452,-0.168155738870352,-0.107772147463056,-0.396149456964275,-0.109148686856633,-0.295689785142669,-0.154499394140991,-0.201206911265591,-0.299985003304619,-0.287025820489708,-0.255064738430294,-0.17600422686382,-0.332258147234501,-0.150031342633023,-0.190048645832114,-0.496639935292003,-0.410076611987145,-0.338266547518393,-0.33080120704775,-0.47110391240752,-0.345752305648743,-0.397611650351897,-0.191407328519296,-0.617857000229978,-0.10547675393281,-0.458091598240833,-0.24689129254409,-0.16956780498887,-0.162388754153167,-0.342596067213718,-0.182617236804544,-0.141854234076744,-0.0963854422115734,-0.366426799353492,-0.02105844334659,-0.204922662370255,-0.170041095010813,-0.318667185170086,-0.275667090115993,-0.294646862688193,-0.240921523916623,-0.374258722464581,-0.268486282435728,-0.317906098013387,-0.343557566786593,-0.506119222960275,-0.0941485255073033,-0.204533203995694,-0.116027504018874,-0.506699333192399,-0.108063035911408,-0.130873438473951,-0.437999682999551,-0.381062981417273,-0.28078082629511,-0.0487181118693162,-0.301506338649017,-0.180413866166208,-0.247951486151228,-0.288311080699125,-0.255131106185389,-0.400092528065527,-0.324765930563315,-0.0627799854852814,-0.300662455205121
0.20309414848453,-0.106399931727683,-0.183470764846986,-0.347544820833648,-0.339319186950354,0.0680258684862706,-0.0631443505711231,-0.272842165933956,-0.16492660308313,-0.107212550062246,-0.194557403880529,0.00609527352958707,-0.216923439522823,-0.0747873330571477,-0.114678361349697,-0.133322037698217,0.109899300474317,-0.077343311576673,-0.216896013508809,-0.0087848616818637,-0.162103000165311,-0.142642296487655,0.495671720922738,-0.0850599365483387,0.116496543514339,0.0648652863778629,0.0699141112713872,0.29158298227699,-0.130578790665214,-0.217677834750337,0.267494705019798,0.0818873247339341,0.138270914636588,0.0243227201705748,-0.0488064047948191,0.306330657209474,-0.0540642819063231,-0.149884103025852,-0.022555746481912,-0.0581685315475478,-0.327692071903903,0.0952203999114939,0.462946129325514,0.202322822133988,0.38322960120257,0.0376850782958004,0.0669927518596618,0.0632158904743581,0.452837535154223,-0.100815596355692,0.0967629165931073,0.1495423497522,0.185291817755252,0.207823281716793,-0.184998084762158,-0.0667199849210037,0.128147495174349,0.015804898597251,0.224485674020466,0.124731257229017,0.0471658019242157,-0.0700955283461671,-0.157344010669309,0.118026465729033,0.119322460133772,0.144688406270025,-0.0431508506613137,-0.147931630999456,0.119231713108042,0.230752375922636,0.16339376384096,0.317719836902538,0.189448624772888,0.0627348700393322,0.0902234332274478,0.0400024591710788,0.129978027620267,0.0527778767268156,0.0157183281874175,-0.129994136709632,0.121245575913007,-0.0881249865993081,-0.010141387969309,0.0391702943288955,-0.0492455057995084,0.283159936135098,0.542903662895646,-0.0788572905255555,-0.0419908213645405,-0.060307750457347,0.420903729549367,-0.0871174131475726,-0.123911011442128,0.0406890485858001,0.229018537052776,0.0420718466413511,-0.0418618676455217,0.108870924573213,0.0479671685298788,0.142304631495182,-0.69091771566043,-0.275434589256374,-0.162588793470324,-0.248802686396293,-0.0967296507655959,-0.326107620812066,-0.215801690742982,-0.338775772047078,-0.387211444190441,-0.224566360379032,-0.406743551481061,-0.250401323667324,-0.326782222790945,-0.125535547976317,-0.260717321229527,-0.355071686152728,-0.46911419043418,-0.116449390633499,-0.0137379086744193,-0.140550666037368,-0.434970835755413,-0.28853278196512,-0.543642425756962,-0.234612466872865,-0.333940792364182,-0.165041661112818,-0.16259302745543,-0.268010094230964,-0.218185322894431,-0.0251556725563322,-0.387433050973087,-0.216528142482143,-0.163970127659946,-0.140896306384843,-0.0826997663274222,-0.307122734024381,-0.0451858286683384,0.0711242750798682,-0.298654098761225,-0.00772458303729981,0.0797249249085798,-0.267580203685392,-0.352499114170723,-0.211577484041346,-0.386957464517953,-0.0396372439963178,-0.120261251003274,-0.144928881486894,-0.416555942164441,-0.0776917516330332,-0.302712662088744,-0.221336527540985,-0.177929193153614,-0.320934000646577,0.246949993311966,-0.00388616576105662,-0.197394669081391,-0.358850117862446,-0.395498667733995,-0.239210695939592,-0.150277015539528,0.0123798822761909,-0.0606070043708659,-0.135201195392989,-0.183300209122683,-0.288407471963445,-0.102071818192317,-0.0862060699751865,-0.156901528049529,-0.224747223774418,-0.328897838952035,-0.264362009817672,-0.297842714021927,-0.187125360031757,-0.0776305930923151,-0.105262787202107,-0.26074146280996,-0.17825385924529,-0.114190852383264,-0.12247734414035,-0.156939036804202,-0.3006325931382,-0.0690279729567572,-0.0640147207510998,-0.014008917040067,-0.202697857925046,-0.397077226485487,-0.0416419018219959,-0.017327342049766,0.0216584684067801,-0.126862485710909,-0.00412850454187931,0.0644429217366196,-0.0757979067175242,-0.209357364555135,-0.0745096421598318,0.0108404317010806,-0.171463699245675,-0.0711149296640147,-0.119216458623679
-0.0573817320025904,0.161868425481123,-0.00282007269672225,-0.368574630737817,0.0275732534708634,-0.0100047585926301,-0.185575937123985,-0.0550361756867053,-0.204591889966291,-0.0725014352003338,-0.122680277854081,0.153397764999936,-0.0819757660882196,0.264352067383158,-0.114533105301857,-0.172661557734181,-0.225665776390751,-0.307321875237772,-0.127680029309051,-0.18938344313581,0.150021445427472,-0.0562703130397419,-0.0577286640813629,0.23482250721617,-0.161970739818351,0.0510664244725943,0.00207793348087345,-0.0711627362789257,-0.146005845987039,-0.0246430744865684,0.0112267649236962,-0.0948771427570545,-0.271673950206495,-0.102128771684541,0.0509655690230933,-0.057541742868205,-0.087942598792229,0.0151991051653351,0.00323811910785772,0.000251849836349814,-0.197066148325293,-0.12478101339734,-0.185527060596136,0.0430940194572226,0.0325363626682381,-0.00461578513276274,-0.0347281229186282,0.00455072919008092,-0.214679685504507,0.127497435618888,0.0172951302124009,0.0885500893872803,-0.0997086694535086,0.0947134967255962,0.171840683473638,-0.340658339703164,-0.0890104317732233,-0.00954660316490634,0.167829161899271,0.237392695271719,0.184236273495547,0.0709418421498527,-0.096335361643026,-0.0648028856596934,0.0605908718312972,0.184634647486554,-0.0632001047999582,-0.195124123701674,0.241745019502126,0.0514535810773084,-0.104054954306183,0.0135257444111552,0.0300786602465227,-0.0169889881198061,-0.0114530535404587,0.0646916292406587,-0.175856558421973,-0.151290113361815,-0.0206923482234069,0.0563967221967584,-0.063667156531981,0.020230303841146,0.166326854581078,0.033219247242551,-0.0696523092094735,0.030160204332017,-0.0753886129220651,-0.000371345754594834,0.187381788839681,-0.0778813299160343,0.104758860823239,0.56808879864014,0.188199888603765,0.419159989249429,0.28299184629893,0.130020251752973,-0.0335892512969834,0.181388647184491,0.126756641157874,0.175072360358605,-0.258911703443794,-0.253217694822377,-0.326590148275142,-0.182299313568301,-0.35395652820461,-0.321554455902115,-0.201162445541154,-0.493573472221552,-0.279962734111808,-0.15766578185235,-0.184174889622836,-0.338464096796708,-0.463245318803848,-0.133585810315379,-0.13949164495492,-0.348930515714556,-0.0375597054541965,-0.246588019001454,-0.138755036051167,-0.301207513065602,-0.540529578369663,-0.0925020529048181,-0.159126432420414,-0.419049644125195,-0.201976465709981,-0.277171328640153,-0.202027563644126,-0.21170070618484,-0.0559849966193424,-0.118982322970708,-0.234073246537619,-0.270751886957267,-0.143254122610968,-0.173594633078006,-0.335991976649867,-0.0544976474532971,-0.0482279851985537,-0.295518889400596,-0.252716655254341,-0.181833733145855,-0.00453878346423964,-0.0567570653006136,-0.268361665210272,-0.285967650442936,-0.172112350536039,-0.0862146833043387,-0.0361413047336399,-0.067087957238119,0.019603618267402,-0.267799383258894,-0.232696476726332,-0.206146135528146,-0.120938080981637,-0.0933139779188117,-0.336299474024167,-0.0243369174014618,-0.171945793683505,-0.185985365395314,-0.269043469053015,-0.303564731315408,-0.037983471856094,-0.106227119892329,-0.138478995516235,-0.18938298115665,-0.173484097453516,-0.11646303994935,-0.071273219856588,0.0382689615305215,-0.334720868395356,-0.229319010749956,0.0832462917811915,-0.121963128859074,-0.0998764324713386,-0.110960203409358,-0.13122622444397,-0.0825546527122082,-0.0234293122633434,-0.153343527559648,-0.0201838041196622,-0.13805840563778,-0.00302685513764268,-0.128905315032206,-0.122438519072615,-0.124023661794271,-0.124021424447914,-0.256759258010443,-0.345355022549159,-0.086649154291568,-0.236979698364526,-0.0964226431178395,-0.142224581964128,-0.162443566866653,-0.154614344019911,-0.211132672243003,-0.290366401472681,-0.205615778532533,-0.0130508893593207,-0.39719062008833,-0.246253847240402,-0.311222717185394
-0.0971062530413293,-0.085355598398956,-0.214238715755786,-0.126978743041663,0.0294409997025367,-0.0698520563595017,-0.213691519994355,-0.119169936563172,-0.00965502046357521,0.0314005558652353,0.426385711207291,-0.139490285583941,0.356561552824306,0.408428883310088,-0.0302631893788028,-0.0405689538463502,0.439446933891423,0.351158742774471,0.208113219524797,0.43349142577788,0.256248388035521,0.214660776465795,0.099400914875294,-0.0285567947002041,-0.0547582783676488,0.217494347540106,0.313526341655211,0.30114046534848,0.333870208519976,0.305889635015338,0.47362726354654,0.42336551872852,0.400962466034303,0.0495600707898089,0.421088760175522,0.373823969074763,0.292938085414307,0.354959177437445,0.130649154039112,0.14608485111983,0.166535971305209,0.230734749306809,0.4774996351167,0.158135835789206,0.325623911370931,0.00744077094757992,0.373627337025583,0.177885810539775,0.43895339344474,0.302017984499052,0.123306810010992,0.239529376677275,-0.0434760352614226,0.29901554144322,0.0425439068556874,0.0419175011067357,0.23293011546176,0.321515948810942,0.328618666158103,0.227972098773649,-0.160684291756334,0.238632093868718,0.164828656414503,0.18089590978834,0.199006999397682,0.198612853196044,0.268604561906867,0.2727833556185,0.178696125539429,0.397455146517629,0.299301322264163,0.44465870239065,0.387760216325976,0.48772618458647,0.514773228956243,0.158432976582727,0.305893757019631,0.261313653280897,0.0342807040067077,0.17669452710275,0.131646600578844,0.413200443282544,0.0649223296499129,0.336717742377987,0.231885171607393,0.408014714083028,0.0753707051835807,0.400768624499391,0.378957055589395,0.19917072396633,0.48770274097714,0.393967215891734,0.549213559091172,0.0462368677512445,0.264456072165412,0.278210869283037,0.297730500440695,0.318565721321568,0.374471171171917,0.420096590724052,-0.401948778983529,-0.233281496131336,-0.368084261295889,-0.169147592312092,-0.270903241656916,-0.21541711058412,-0.204718888172228,-0.366623507549337,-0.163388506024987,-0.25507796721527,-0.532607308028261,-0.263500917334038,-0.433502164508239,-0.31665015147271,-0.446750775095558,-0.277945277100277,-0.655464682398305,-0.41002703542182,-0.444181579685946,-0.411352739548938,-0.24693765535094,-0.292706764140426,-0.0946073642005851,-0.207368662448426,-0.0651474270819033,-0.347238898343056,-0.222960287494897,-0.420586008768638,-0.378344875252988,-0.274599730032249,-0.560292539872073,-0.495235886009452,-0.418070739138968,-0.127281066182821,-0.507845584824493,-0.300618245076679,-0.393180683679695,-0.380903946409488,-0.186551339903236,-0.203571608636077,-0.191288205281599,-0.245851232478285,-0.406794709952702,-0.285113947580824,-0.298736602493057,-0.0454863840790215,-0.417088639697423,-0.18512161410229,-0.363537734230133,-0.248752668071539,-0.164082796575885,-0.285565649827628,0.0188945785532,-0.281045571086107,0.0179355988062673,-0.0338027498954099,-0.220419707582135,-0.288918734350007,-0.329307258419094,-0.359045957342514,0.10621707163458,-0.325868136050076,-0.135974208262372,-0.208133480110133,-0.203376001713242,-0.304746396725471,-0.283974541762708,-0.276376198744568,-0.164666031755964,-0.453332170795553,-0.273387035528449,-0.437475076580283,-0.318808995837752,-0.406470075074849,-0.429217298045141,-0.172148907706048,-0.247840051283088,-0.186625510476928,-0.0560685949547876,-0.234084130581488,-0.0165650688016625,-0.495538772972866,-0.0658950379513715,-0.308867660962737,-0.219928927780205,-0.280100792113479,-0.0600688421380498,-0.39759502072257,-0.277362445885841,-0.186007157608568,-0.358548764051282,-0.382705739789816,-0.412730814248108,-0.0377402546675224,-0.192716941400193,-0.284517676247246,-0.274311320240768,-0.255906179476869,-0.33788284529873,-0.399926643762421
0.0616559716132196,-0.233013531603393,0.221712478001792,-0.257575924150069,0.317900795968611,-0.182742584073709,0.0194506389444036,-0.200566562715029,0.0404889692560202,-0.0290127502772204,-0.0194726308925148,-0.191730774440109,-0.139096653670774,0.278109636787985,0.412260694301317,-0.0705439787378715,0.161954941974502,0.173802946136896,0.371943443434786,0.389553320217438,0.496009527984356,-0.142149755839505,-0.0213054012862511,0.176081908812428,0.377018935459718,0.319385650891729,0.311820765218512,0.185062793284307,0.454461962644034,0.250336982758852,0.412104892396611,0.44114270330979,0.34860519457893,0.273869897819966,0.42268181118993,0.108554707427789,0.0153755902106787,0.0949354331679803,0.236898748458654,0.121750097337775,0.167643733560278,-0.131973097448464,0.289169359662626,0.220695665002079,0.0026342927732796,0.345748305425203,0.381313028047857,0.481092395185744,0.187379608265033,0.158665706311431,0.0241783450355239,0.0672315680988008,0.416800560411485,0.19900906676558,0.064640621293292,0.00116112238882092,0.183649749361932,0.150356362390326,0.192309788445011,0.264410858732485,0.0445588608917177,0.0895748196557753,0.0750750071887654,0.335152866887367,-0.0379037110914894,0.258814927899495,0.375828195482412,0.0538113013981277,0.0331521268870415,0.73943523299917,0.0962440295627423,0.438900922367578,0.206691339752779,0.159713361370749,0.314624350815827,0.186690631730651,0.201411904490211,0.132046001949267,0.13975075938637,0.107853313306601,-0.0138362818781057,-0.04956184458202,-0.108800310629782,0.228859335093491,-0.185080236640047,0.190563330179219,-0.193752473683262,-0.0714450122913227,0.216792700378417,0.100572524097264,0.0984665593199895,-0.0796200686450654,-0.114681277581337,0.0968791036188331,-0.0977938904049672,-0.0605523459146891,-0.108687606405688,0.137924028454937,-0.0584361949479735,-0.247222016049068,-0.340714592590376,-0.384159534314559,-0.292419693761082,-0.394672343082283,-0.221788243493013,-0.235366625559265,-0.356496830591191,-0.32320453271036,-0.357672613163247,-0.256510927054401,-0.209927254290171,-0.298035349860925,-0.183585780904995,-0.774228024922546,-0.457486986662523,-0.390571696766582,-0.456688258057132,-0.258889456321963,-0.537011554334826,-0.516856995052424,-0.445873213637948,-0.236003269770286,-0.338478248040617,-0.376104548549229,-0.432659496241418,-0.428533596563655,-0.307502913316768,-0.300620250649105,-0.375452438832815,-0.373181124391291,-0.485008848030844,-0.49382502462359,-0.352682428521111,-0.529194864768327,-0.469665804249614,0.0341274948789403,-0.0212818133504383,-0.111637276996079,-0.217158089653982,-0.142869404213909,-0.226196452041776,0.180585040700179,-0.163281631188356,-0.186309128769957,-0.0540529459847773,-0.325726079134984,-0.223375898913023,-0.340067700303942,-0.182873434404696,-0.06657597834607,-0.0445934277164502,-0.145622296012619,-0.331339151892441,-0.181993648833435,-0.117829567149571,0.0332476412228449,-0.203254430793119,-0.108622787325694,-0.158643284920842,-0.210782437911397,-0.0915001076188685,-0.0726086101177832,-0.0393298661644082,-0.225768427690436,-0.00179678699300057,-0.179073313877144,-0.249172657321038,-0.0736127599289287,-0.0251418712015452,-0.508589285774366,-0.097813156329683,-0.298434550001557,-0.136021424741481,-0.0730029139864225,-0.258220648900885,-0.123999848007829,-0.274261138833119,-0.154067433119808,-0.257029700764543,-0.112428931875101,0.00251149876069309,0.0418340978110045,0.175655040120267,-0.170492220312513,0.18239941456103,-0.126243837506466,0.186873834099916,0.0738138506873211,-0.177813878003915,-0.0927145344459294,-0.11060641050386,0.0758366865655751,0.0875155406284285,-0.0958950985119545,0.0682664087134233,0.0435846023627239,0.14283801597129,-0.114350409034022,0.108763993537211,0.238467774630822
-0.00457045343134083,-0.119427123106879,-0.128718008068343,0.0587056421630165,-0.122269911320265,-0.209085175527631,0.546402426712331,-0.262746497364298,-0.202979517149345,-0.121402482740482,-0.237656350138082,-0.109175351111543,0.0481889627787649,-0.124870492761875,0.100466185896751,0.00036041408676668,0.0366598319515024,0.200087318914709,0.0794705041486677,-0.0500397579331307,-0.0963098862842318,-0.107139590887106,-0.0981392577690171,0.273854473305332,0.500208327180184,0.0823003135456658,-0.0949415947743484,-0.0674590744965943,-0.117446900408507,0.0205009983508084,0.129830520612755,0.102382486187754,-0.246796394471641,-0.195533091276712,-0.161238965263946,-0.0556847014758929,-0.122219089279281,-0.0515948064616448,-0.133549958053032,0.535417487672296,-0.0378293181690495,0.0802849874407749,0.146675912353183,0.0345334147012688,-0.110645985359442,0.0367465812619532,-0.0816707937991573,-0.123876562442854,-0.11258079076653,-0.0709698803723665,-0.130470710366134,0.0504365317122427,-0.271651490193204,-0.0847569162295061,0.0420576003588635,-0.137073271059524,-0.139504031374089,0.562217982389783,0.0365496140130872,0.0118967299418863,-0.0286016147781031,-0.0180843979580774,-0.193220664402376,-0.105436255269844,-0.0578142724498515,0.0516523877601583,0.235604136666329,0.0874050718309979,-0.183437812089847,-0.111897019436444,-0.0121305340228971,0.186651718570323,-0.193038694864239,0.046351905536891,-0.281888449486238,-0.122965755081304,-0.164223062566331,-0.132079274820536,-0.185903798693526,0.0552858665079798,0.0810205225102245,0.0260964881264342,0.0392984433392198,-0.065305210035871,-0.119868333164413,-0.126661845105721,0.0381727417016388,-0.0554485826843438,-0.113375524727635,0.104890497618176,0.203776650179669,0.152179555837614,0.0152136346670283,0.244996560630112,0.232122230250961,0.0503513899961336,-0.0563003566488423,0.182425785722231,0.459505339518154,0.0129111702392283,-0.256778596827434,-0.199968232786149,-0.379405047758331,-0.303903838625191,-0.247373756026159,-0.15384961910324,-0.361627154689115,-0.231676705649964,-0.293142191023114,-0.452934877048423,-0.157273195296099,-0.277238796052967,-0.321221806848285,-0.514455856628402,-0.371457376566782,-0.181583329823749,-0.265945233323259,-0.287841185178358,-0.28105518021,-0.467642303135835,-0.209923644070963,-0.172630701682142,-0.327201654618037,-0.349793870737108,-0.427178646928138,-0.474867380362967,-0.122716053793757,-0.444785263093336,-0.313011801457264,-0.153667588481252,-0.228174535145019,-0.256421768605387,-0.122108664340597,-0.00505855096384694,-0.104664177297321,-0.160429528128529,-0.0663529102588115,-0.197142424481198,-0.011189980189676,-0.418995257013994,-0.116402442161805,-0.173751487431563,-0.359158100425905,-0.225414972712725,-0.15580155943798,-0.100927980709061,-0.108570158576878,-0.159381195280968,-0.0771295317856488,0.0715295597975239,-0.0603998424382476,-0.196555777142568,0.103513117099584,-0.110938265014015,-0.219794829620285,-0.0171258958651655,0.130745196035599,-0.222911290727207,-0.0676511486195415,-0.00639283196208914,-0.0993196432738684,-0.0568543603777603,-0.0377810232692625,-0.0278811666030667,0.00575140672338913,-0.0653828227718076,-0.258615779896561,-0.0380325329592391,-0.104590001857323,-0.215720285443012,-0.0609277912422839,-0.121601750103067,-0.0490316937134829,-0.150147888402184,-0.062816971798943,0.0326534137403486,-0.0878851431479022,0.102324866772035,0.141928729513487,-0.0897532296492412,-0.227185286497828,-0.115013657373863,-0.0980770337335329,-0.192359479899589,0.00952191815863701,0.0682327566310056,-0.0757118604872717,0.0751700537363748,0.111562786545117,-0.0191486817177288,-0.322006239942841,-0.128516624470753,-0.00737174906183631,-0.327652691103989,-0.280733525509973,-0.0984501442528088,-0.00330744407076104,-0.201876870307168,-0.401172540028898,-0.0552408664313024
-0.0502389925047646,-0.116754021485282,-0.118475718594518,-0.063468825126075,-0.100334604485137,0.187317019206203,0.278935986407261,-0.0804677592707472,-0.14095345223445,-0.252524772358721,-0.103627429804358,-0.199998121856483,-0.20690236770072,0.113364913581275,0.00252572965306349,-0.22718469535244,0.465318219906151,-0.169808223950457,0.133642438425949,-0.131439023382687,-0.104198009964088,-0.147408498927242,-0.197963204304255,-0.145895302941365,-0.104447556763414,-0.0364718192632635,-0.163451149119761,-0.0455138868722604,-0.0342369977003856,0.0436662898684315,0.025045670234182,-0.0423235174373319,0.439035274343006,-0.0863791424045281,0.0439094896478471,-0.152069772960935,-0.156789519035013,0.0924107502102981,0.128380169523288,-0.0246512235708108,0.127897569043154,-0.127355193515758,-0.101059285293013,-0.252738841856707,0.0844768033643955,-0.101177725373731,0.025401603766478,-0.0720515373677827,-0.277953297399812,0.0601031923128219,0.0107183865150065,-0.155783220224114,0.0161795432384506,0.351092988438559,0.0631782973536585,0.00495176861655881,0.00673558841694652,0.0829535699220878,0.00119584824696156,0.163376306242767,0.0308820474836707,0.228250803330084,0.336077355067752,0.247675460228376,0.350342506661979,0.34838835033042,0.41545271002547,0.454907279948127,0.495580293155486,0.379870445059102,0.354085220797312,0.313871847307662,0.354046889236366,0.466117209200868,0.425738598473268,0.543265383569012,0.297000124667175,0.278564225580135,0.290768635484443,0.358117458089418,0.187733060783389,0.272888703421703,0.434178656314186,0.365964605438368,0.0950119023189617,0.12309074061734,0.401203860654401,0.367692386767637,0.349182446822834,0.35448605372218,0.326513618585974,0.502259370639308,0.435680226069963,0.399889070413929,0.106494163072748,0.430262811223156,0.449508928075147,0.325615106466211,0.0956291519621571,0.360459651636612,-0.192218810086708,-0.474059636904287,-0.273496893474884,-0.322795504841629,-0.319615039719576,-0.386188529515343,-0.54356169755593,-0.250291101269447,-0.16865682174345,-0.203109488490197,-0.391824134070564,-0.28820357092834,-0.325956006946808,-0.453269644508566,-0.225066296016167,-0.386982933920076,-0.542212778917013,-0.412987147658607,-0.495038618823895,-0.222299286963777,-0.10492443259354,-0.275665735838816,-0.0793963199485609,-0.216567682073117,-0.20114032715722,-0.279648151471264,-0.270183340581892,-0.263299095164375,-0.145523520729496,-0.0857607182680535,-0.275320132158521,-0.216637692255701,-0.439697213403295,-0.0496478362582299,-0.311464668700128,-0.165480852086425,-0.143745115464738,-0.560109796130376,-0.189319293887164,-0.0609350785703261,-0.215670189587322,-0.0371996964469103,-0.0483075383906117,0.0356348357294403,-0.142100013364847,-0.195461887022886,-0.192343876879303,-0.0573447185651297,-0.295659730219706,-0.282675357144834,-0.194908877859666,0.0893723149755553,-0.226632002023298,-0.550866351113564,-0.344546547606216,-0.00130612472758497,-0.109842702564445,-0.126676343846662,-0.273690725755375,-0.189772901133476,-0.229941737325567,-0.424157040052687,-0.266877204672341,-0.451427389537926,-0.544416953708823,-0.355842963317316,-0.442306834086612,-0.463918600550644,-0.556807523542009,-0.659548186163799,-0.417572546635376,-0.208106018095084,-0.414716962016459,-0.536678246828483,-0.390723167145554,-0.336967772578134,-0.159952097146612,-0.465085536009988,-0.406852065790483,-0.489197480978918,-0.112680136884727,-0.357126948496042,-0.320586147197444,-0.333321225100755,-0.229678440985649,-0.144376309194669,-0.404610836428201,-0.364641742935337,-0.274401559316269,-0.36614261533533,-0.298854280958052,-0.474028421106634,-0.463588564896986,-0.327549234951458,-0.0285245102286911,-0.43799299747661,-0.424699288696843,-0.231366801526837,-0.0866517682414344,-0.293882580115963
0.0144834085493132,0.249679986188429,-0.0968197400118295,-0.318631660651926,0.4513151216508,-0.182831895545861,-0.179185947367412,0.166574073707894,-0.0149199616788849,-0.280737787833049,0.147861217589069,0.0195706955217722,0.335703638140158,0.355454160712505,0.237303309304548,-0.063263101589437,0.120022764915849,0.398061668925697,-0.0716123775820743,0.336017201473112,-0.0966138291543091,0.0366725395697869,-0.120680697793166,-0.0531837480302519,0.0142003184415502,0.107987315652805,0.417378146284057,0.390403674206665,0.0354147562746099,0.497977668426078,0.304314421591174,0.304335869462619,0.11621310773736,0.307270567954778,0.499252089982517,0.332234885978657,0.434242356230852,-0.0577399948782941,0.31641722581699,0.234542912864879,0.221315849237477,0.285592475114477,0.435132455039011,0.123287632399371,0.405102899880923,0.260170137006833,0.201517782821718,0.339117628498038,0.355026979699184,0.197297552213503,0.202523524653275,0.241657467392168,0.180047419379707,0.535795297287478,0.357805789087305,0.389854147869215,0.321759192015536,0.0272266040535858,0.436503692673744,0.599465482959532,0.442361315432185,0.39391851224751,0.374020695001822,0.144797969060157,0.172304132692534,0.39296630442837,0.324372545019849,0.437211985428677,0.112748892973664,0.213380557912687,0.238659102682348,0.230888297662096,0.264306980795496,0.447103050577968,-0.105279968370922,0.12598539001172,0.318453825831908,0.228434708533639,-0.0804118581133344,0.211791761845734,0.0246443371998333,0.140640851405299,0.126803267383895,0.365712122863465,0.258131858151232,0.250490509321902,0.122580343423495,0.437141084108116,0.156327171096739,0.207972683106423,0.315848423779598,-0.298182732961392,-0.0418831705707472,0.244990098045476,0.173315412366119,0.113415656678658,-0.210411224456833,0.174031598802053,0.356717339634806,0.264907995449509,-0.349808724171763,-0.51716182766694,-0.260920641468732,-0.421768426546959,-0.480039843762748,-0.213937906966777,-0.21034937804875,-0.235653875876216,-0.267579689662637,-0.160089189482356,-0.398748555968218,-0.289093370250997,-0.417913578419046,-0.348008828817023,-0.30710114132381,-0.089475241126005,-0.128973220873409,-0.294391293327566,-0.0869852330484106,-0.342694376020427,-0.0336543253650755,-0.171323489405017,-0.163509586759513,-0.117821934735595,-0.057312139598141,-0.127477824343891,-0.465596050394816,-0.52026942399656,-0.122340553830763,-0.604849801996907,-0.400421521726071,-0.425915116857499,-0.323059042027122,-0.36885520751162,-0.34018311147449,-0.293056572208351,-0.44289795412183,-0.0658821417830253,-0.320737099261231,-0.193529893907975,-0.29939826637225,-0.264882174583004,-0.452564057153176,-0.0680400296544215,-0.345939423782907,-0.379302237849282,-0.207772135282523,-0.305557046159167,-0.38786300302254,-0.194552595790969,-0.170043557353659,-0.257659955365189,-0.273132033882251,-0.453258148118381,-0.485942745595794,-0.349425833248539,-0.266571355199642,-0.0708786681203805,-0.362949744073699,-0.678216403049842,-0.517226987027717,-0.393082630439731,-0.380830677709343,-0.119688876988879,-0.274259579372494,-0.341376136294238,-0.231426488833982,-0.362265367388254,-0.0736814757533753,-0.234164411101113,-0.195540120148405,-0.21854869968912,-0.264800706296642,-0.422820336423995,0.135536143910878,-0.138149432273791,-0.303145212095439,-0.185092604409575,0.0826379938133441,-0.211480641824131,-0.0550254269848617,-0.186995743857158,-0.154900552420256,-0.343927393926833,-0.205747290703288,-0.331645883303948,-0.0997104889917783,-0.426958912211414,-0.110258688060537,-0.194466451848524,-0.328834036920085,0.334802157485683,-0.00408519521089446,-0.4977556982437,-0.177475074672328,-0.125075406309435,0.244231431606076,-0.0624090222288975,-0.330821933961358,-0.231279326888017
-0.197013746316913,-0.0732726201575107,-0.229871195987089,-0.124540989108852,-0.043267816444388,-0.266133277134036,-0.25603484154168,0.348308145628959,-0.101844876380936,-0.119160920040783,-0.102079736528253,0.244835445528387,-0.0385478767406783,-0.162748166752714,-0.183692224179568,-0.0984483751265469,-0.131234173541953,-0.0654471637307907,-0.0731286679672606,0.0253998758866069,-0.078244666985644,-0.318727505072666,-0.0587082036392033,-0.0246913049227639,0.0843114500298771,0.224580059712732,-0.121406074849388,0.0319294311149086,-0.130467747548058,0.108569724401587,-0.0146910956663689,0.173008871519482,-0.0186603898032617,-0.150012977051093,0.0466140638675377,-0.108606732219592,-0.0518151077272551,-0.0181572133826375,-0.141701672124973,0.00522840617953789,-0.051273666571309,-0.010728132934633,-0.128524705102344,-0.136677606851965,-0.202388645271431,-0.0130127802670277,0.00171881717492162,-0.189065294613431,-0.0723283772800602,-0.00291918238101417,0.212811666134007,0.0529346934781782,-0.0839046196878909,-0.0517870759011089,0.177553690667076,-0.145916030618232,0.125242455385663,-0.0837568872860677,0.00321045965366056,0.0903626135172596,-0.054062591965843,-0.0197028024726876,-0.117804092029027,0.0862692197977553,0.18532844837177,0.0940450607725313,-0.101186203466544,-0.255009139639018,-0.0772851980774627,-0.0487528691633576,-0.107445300737327,-0.0674267299621987,-0.0845731135784555,0.0841375704924134,-0.0618847413964952,-0.0834437356922267,-0.0853531426359539,0.059450017710487,-0.0699771338418075,-0.216171200461592,-0.159877444796423,-0.0565622478463574,0.0151078765283353,-0.123181957501718,-0.140288018696716,0.0601733018781303,0.0470478309872567,-0.0680839586110173,-0.21999649442315,-0.347776175950196,0.0409993413906583,-0.350575698077155,-0.0536734496290025,-0.0393015538050965,0.0710886417193497,-0.0997189416594,-0.301424773501836,0.11715421557273,-0.143588744647003,-0.0446267905852065,-0.158923589891579,-0.4358803707855,-0.337148336893037,-0.318155177508682,-0.196442749724581,-0.225727358487742,-0.227030004064023,-0.297537101253021,-0.22259597246379,-0.145435080415333,-0.0689787200036651,-0.217481136906943,-0.0684404469743934,-0.145439442824147,-0.0287321105971541,-0.0112608184144085,-0.276936570362101,-0.0394626965805586,-0.0334659352127397,-0.229645838675309,-0.0544168051887071,0.116856802616398,-0.119162013045151,0.0161724552132943,-0.218872969010479,-0.312195453869729,0.201136193220847,0.00135938163298699,0.141714966075016,-0.0773608362892093,0.0202143029661986,0.00319986828893809,0.0402980680683972,0.119602326185841,-0.0210093307688847,0.134673488642397,-0.0104495314752088,-0.00352971273218095,0.124802815163075,-0.0280819078311937,-0.0168690101223266,-0.00397906140529603,0.0389839907675714,-0.00597356647257754,0.169571284479005,-0.0307479503438791,-0.0388034931481119,0.0911050145304392,0.105596710522532,-0.0077391164273583,-0.174278737481459,-0.0173804638338958,0.0499084586615504,0.0248533465210463,-0.136398566015005,0.042012312887582,-0.0766997693180354,0.0550729372253984,-0.0207861110411492,-0.0246717296888351,0.0563945517999219,0.0137042537950114,0.0864873233690675,-0.057161734557063,-0.13646827747436,-0.0304656746324109,0.070099559982383,0.149994089723624,0.0588261796035484,0.043712315579613,0.158823115965401,0.0405115519929392,0.100474717207481,-0.00367008552968814,0.0482970166708801,0.0692739359146031,0.102192477882513,-0.0900142218538977,0.0926698658893101,0.180707536190913,0.190173125215814,0.0878601705292941,-0.0531358317738327,0.128332755253746,0.0948326194971865,-0.0376234663444063,-0.0523713906617005,0.0956992652325062,0.318001262698882,0.324736419525809,-0.0744220270961419,0.181026171406065,0.0635917168873099,0.0691371560924411,-0.0477600904077482,0.104153021881246,0.205065041822202,-0.153509736611995,0.176987693678303,0.0499072221157361
-0.123790186073681,-0.117860413810395,0.303484566431591,0.170505997426906,0.0672702340627262,0.230027466734511,-0.0831521026536547,-0.283689709354326,0.147441961016685,-0.16397429982403,-0.0853830280291906,-0.109959976762616,0.500090837495885,0.385890626647714,0.0356874431727369,0.355951570400761,-0.00301596116562416,0.27665843261699,-0.0254470396747828,0.131522886979073,0.0964105130825203,0.301099222520402,0.115490464484121,0.438669685438393,0.0749244301203711,0.238554147184777,0.11183717360353,0.415645022275785,0.232278168849483,0.185670083815719,0.313707806807166,0.497117109080297,0.0511418996192674,0.364220570047037,0.444837662087811,0.469689764956693,0.438505847174543,0.160954090275241,0.324043963920712,0.464882860701229,0.0332707736265819,0.409871855846057,0.369952314334604,0.187824477503469,0.531539672775573,0.475328622609832,0.262498318756662,0.136949529655132,0.339046579280126,0.258383106278767,0.268857035828776,0.419162504750654,0.240911959855086,0.544691771746688,0.254436326543057,0.0573757672225872,0.124152431535628,0.0460922174817138,0.164268934872144,0.370085015417449,0.346023879364399,0.449820942773722,0.535858931632533,0.323108925388493,0.52535134590298,0.304441415727604,0.0834276213804969,0.463386787986672,0.355145674370248,0.218900734083161,0.258008471959073,0.14803889395911,-0.0440846563701697,-0.0812681107827815,0.246680918245239,0.196695776372216,0.0595159145413443,0.268341141439421,-0.0321330971406952,0.185372591029731,0.457714818220355,0.131270589782457,0.0197102305413276,0.142290170205922,0.00687206546550459,0.2701472370947,0.105864137490625,0.271068335335137,-0.0421022770493223,-0.00223106179498538,0.435102489541775,0.244991001063259,0.31062681727252,0.141662626841029,0.208418822768149,0.275794842839272,0.260097781680198,0.229230769332087,0.02161735640174,-0.167114801639655,-0.285628987404321,-0.281443989877771,-0.586040705390194,-0.609785311922766,-0.256312512124451,-0.492803721818989,-0.350906574992786,-0.0865988118469805,-0.264599112242157,-0.213108117851032,-0.283075390079796,-0.00367958307803262,-0.446586978643424,-0.217987465493773,-0.235331641682179,-0.336331292226182,-0.100027534890879,-0.378674285532657,-0.172337467067669,-0.174853956470931,-0.144919710747051,-0.288949630609597,-0.177547911532512,-0.424664774876772,-0.0462878038583916,-0.146573613838773,-0.240531065003578,-0.400702477970603,-0.268672867550425,-0.18980665704664,-0.233814024561377,-0.38055690805544,-0.0387696575894763,-0.281628585408605,-0.322202053565656,-0.516013449911074,-0.36903153291972,-0.0767469788275011,-0.350290061041827,-0.508064601118814,-0.0581274246393451,-0.326262159250074,-0.38376296648093,-0.14145400456116,-0.429953523205667,-0.510887508728573,-0.230243292379093,-0.105414593773746,-0.247618836108853,-0.262631121669847,-0.20839892852207,-0.29695227557719,-0.223933001983165,-0.33180818785839,-0.240105687864947,-0.11807246597511,-0.112321477563253,-0.0451704853998798,-0.224651017100738,-0.216037779922883,-0.285351806136443,-0.521630274576862,-0.613897965867179,-0.252695499006749,-0.325851713159774,-0.292388767550913,-0.0967084471998166,-0.49381445478846,-0.418613528815977,-0.234951395394894,-0.243820818239756,-0.103643384842476,0.0613926830868455,0.210020449562044,-0.277266061202863,-0.258254226611012,-0.178180424677493,-0.336443706037807,0.0298121307330663,-0.224178725386002,-0.490779835878679,-0.126981901938544,0.0294213240283435,-0.155222909062578,0.0235560371844908,-0.359249739609386,-0.103696558819446,-0.228735300989028,0.058765498202797,0.0178712002288298,-0.275386167587425,-0.200616350473391,-0.349588735123939,-0.126057300246554,-0.183304676160788,-0.205697902235439,-0.251291623216029,-0.197462971057648,-0.0387039474990324,0.160928376787255
-0.0302069072782215,-0.29343454882729,0.0901529180231777,-0.0549566584614952,-0.208886859508802,-0.160643579454687,-0.115332037312777,-0.438098232615429,-0.185732243618317,-0.0136864851778919,0.00331866648472487,-0.00790043687990907,0.0812922220334897,-0.0397425582865796,-0.143513696604551,0.127982786915335,0.350019577374879,-0.041339436588747,0.222732450627834,-0.0189552026677849,-0.030372921903581,-0.0542664344456798,-0.0637395335802965,-0.14190845610327,0.403571159009318,0.233616372335184,-0.0435915636321691,0.0497062492998897,0.0710500635647434,0.492233226730822,0.330388649808038,0.1589644098759,0.117185844766621,0.00869487158594052,-0.0286903633835552,0.339590270435691,-0.0189823454048816,-0.127902723501136,0.474856838786308,0.322975654392305,0.263829260158308,-0.0255950208108299,0.0037329693850942,0.0324258952825204,-0.0239280180307203,0.0145783683463356,-0.11963543078312,-0.0944144437993514,-0.0857287917562092,-0.0633346185097337,-0.0784090482995301,-0.10483249128172,0.393633787625331,0.0475224877001877,0.403551560377885,0.267364138148929,0.318082366934839,-0.0379221160845944,0.388299147231261,0.0718794242900357,0.434562175945058,0.190478447753819,0.127136167405458,0.322144482446515,-0.171700053706264,-0.0131399291076396,0.41548642260014,0.185384045997584,0.330538216641831,0.299340931254001,-0.0837121150273478,-0.181407301454053,0.168029941033883,0.0785213150584032,0.130659094786443,0.218236971353297,0.0393921020722667,0.243554566120909,0.454581510198476,0.0125715212384259,0.217538602221042,0.178179312517951,0.451851506538065,0.179636070028122,0.2472173736998,-0.102950900732886,0.375026730927938,0.372689975279996,0.388065359749661,0.0624210868540257,0.494856192940438,-0.00678217128972297,0.00666159483245728,0.0267676280814403,0.340847682823761,0.0842644206128822,-0.165509814086487,0.127265285011273,0.234267576894912,0.260691868345729,-0.199740456501953,-0.320153056691735,-0.489033977043833,-0.257025081791842,-0.254006977755188,-0.0964490916633514,-0.192409342997611,-0.166838748637106,-0.289716002771201,-0.383295970323557,-0.227353100253806,-0.132559265937503,-0.241696397813118,-0.0621677048901678,-0.291482099643069,-0.164666567330115,-0.336637178088935,-0.135977379640424,-0.210610513472891,-0.133164217591873,0.00721811317491845,-0.277886478332901,-0.142576410263166,-0.0941902407953606,-0.450830307877406,-0.123991320351833,-0.102026201237304,-0.200028667791516,-0.0777934641911622,-0.374898130475,-0.251854137503119,-0.154721186918685,-0.219597244154842,-0.00764359654736394,-0.00916428427358688,-0.284443036223339,0.131819445204683,0.341812542946404,-0.235231831219394,-0.17757152214215,-0.125938676109927,0.00453279656230664,-0.0469036883703367,-0.0504454641993454,-0.00764188967499193,-0.0217018354983428,0.209040747211315,0.0407256752868499,0.0989804410435393,0.0452277337755629,0.155919669498994,0.126519807802963,0.0547994702941352,0.0377777246525147,-0.0973317743884401,-0.155349869771129,-0.0979014993867834,0.0159516238606403,-0.194022975949831,0.00956052255689013,-0.212173281274395,-0.0610481612124858,0.000859920535327122,-0.24907080194749,-0.0992843785038253,0.14697859561839,-0.157794663690869,-0.137116675526092,-0.213472625040096,-0.23350654270387,0.116750678673409,0.259305975378129,5.0361808197283e-05,-0.0530642636501413,-0.0717127217753275,-0.215503216136213,-0.103551414390283,-0.190313219520626,-0.374705059923184,-0.0600928429020297,-0.0790304888761279,-0.107310690183745,-0.257136196502832,-0.13186298873101,-0.149810380487011,0.129200385332677,-0.332474969891877,-0.409466620006601,-0.406055668333693,-0.0684909056558721,-0.615454967016923,0.017022406788494,-0.011780507009038,-0.0173019659378616,-0.34322349971865,-0.07672720165097,0.112324200168701,-0.137353891142467,-0.163848547207983,-0.263471961691503
-0.513159313138002,-0.082871209387845,-0.160382564783028,0.0864771331855673,-0.213004330567187,-0.140394491356224,-0.0627154837967407,-0.133858771331407,0.0115147610310692,0.0140977404721449,-0.241327814887695,-0.16083311893898,0.031510470788189,-0.19478975433397,0.0491581107710912,-0.157195366230936,-0.0433891664718346,-0.309196634918446,-0.246469596586888,0.0843767656550077,-0.172303520227413,0.0649833778421824,0.199318074337013,0.0745115386751718,-0.0232096239194171,-0.146746979638673,0.218077716754386,-0.0139151898143231,-0.0590915137130292,0.413034765740932,0.00755321602944163,0.0923989203452979,-0.0420523070346961,0.270849070860413,-0.060224678487972,0.416085558188261,0.270970209678674,0.280295267512537,0.0206732460881503,-0.0310964646840167,0.0454279257258485,0.5540125696422,0.541328910341644,0.259133491824184,0.222170725691569,0.332717032444527,0.18869184330353,0.370359882029975,0.372868905086288,0.222573415787108,0.233918734987721,0.277902196945005,0.0110665362274096,0.225506913132119,0.0165499919670656,-0.0864323297485973,0.226928454821513,-0.0283649412655648,0.0613712486316844,-0.0114221500986982,0.0616833471775222,0.0437399052702184,0.349050152593934,0.275725443544506,0.139956940341719,0.120242600243459,-0.0639919851437287,-0.150646781650517,-0.113842413305882,0.243659619939779,-0.125850806428643,0.0230247352572473,-0.0398435045157595,-0.025774128290264,0.0593371141575132,0.205279027218766,-0.162925117187757,0.364864065877331,-0.108964848076734,-0.00245178816835752,0.00997135352475091,0.000589321131701685,0.174602675290456,0.452519357832506,0.256947476569465,-0.0243509623114365,0.0312941766388808,0.187618087236986,-0.0114220426613122,0.344565972219702,-0.163138520493786,0.11829056644829,-0.271333963968639,-0.155750832320019,0.345424397642193,-0.161279013988807,-0.0979493513769294,0.426978190381255,-0.0048736412672037,-0.0233253823701594,-0.00532151070051356,-0.302345478923652,-0.16621074216705,-0.253161884991944,-0.463438109053183,-0.191488365860119,-0.328083246944461,-0.323041396457026,-0.272776137492526,-0.325241216653443,-0.167556302772111,-0.211540260057388,-0.240998338919864,0.00314389230294896,-0.272624280586329,-0.356970839526719,-0.345820749368805,0.0029771429853398,-0.219823848353545,-0.16909335629267,-0.275398865909563,-0.378222203332524,-0.275619787199696,-0.213430697941482,-0.315888622253303,-0.137607773736428,-0.252932773225121,-0.156838423552488,-0.132861672666773,-0.325563973346456,-0.103007911093407,-0.204964490163184,-0.0768291877426101,-0.147635239808944,0.0674490406122836,-0.334659225707365,-0.229790722711105,-0.189280814358412,-0.187942068758133,0.0723577407156373,0.0205684666210897,-0.311139721423396,-0.446195348107787,-0.394911896522542,-0.133792506803625,-0.356520064949859,-0.157466833541189,-0.362254143628937,-0.142863488879044,-0.172331159970347,-0.158228863732482,-0.233765222935013,-0.00669626306957211,-0.171385032314121,-0.0960719063077203,0.0484532505483307,-0.364384770493923,0.0488815355288364,-0.0306682345310898,-0.0513857637480225,-0.00267583431990394,-0.0217568971446704,-0.168765926794917,0.137444743344416,0.0274953063290586,0.0389797642306595,0.0528017335643603,0.133534560190993,0.0878599467426574,-0.291519232617143,0.164599826813049,-0.023440481731191,0.0663820454931997,0.101369655431855,-0.0672861635539429,-0.16761160545667,0.206710771881118,-0.222200514409514,0.227509456443627,0.0109554741297644,-0.00941844623531595,0.00124394467758859,-0.214457563017929,-0.112182513054809,-0.1483464395763,0.0308039431079472,-0.0329345657862035,-0.013102733776123,0.110291818212227,-0.25956678854052,0.229159745947997,-0.139412144137716,0.197682037962336,0.210511336252915,-0.263686225273022,0.342359697563535,0.217016697888913,-0.195880468206316,0.0322060088175956,0.0536428663607672
