MD12_1,MD12_2,MD12_3,MD12_4,MD12_5,MD12_6,MD12_7,MD12_8,MD12_9,MD12_10,MD12_11,MD12_12,MD12_13,MD12_14,MD12_15,MD12_16,MD12_17,MD12_18,MD12_19,MD12_20,MD12_21,MD12_22,MD12_23,MD12_24,MD12_25,MD12_26,MD12_27,MD12_28,MD12_29,MD12_30,MD12_31,MD12_32,MD12_33,MD12_34,MD12_35,MD12_36,MD12_37,MD12_38,MD12_39,MD12_40,MD12_41,MD12_42,MD12_43,MD12_44,MD12_45,MD12_46,MD12_47,MD12_48,MD12_49,MD12_50,MD12_51,MD12_52,MD12_53,MD12_54,MD12_55,MD12_56,MD12_57,MD12_58,MD12_59,MD12_60,MD12_61,MD12_62,MD12_63,MD12_64,MD12_65,MD12_66,MD12_67,MD12_68,MD12_69,MD12_70,MD12_71,MD12_72,MD12_73,MD12_74,MD12_75,MD12_76,MD12_77,MD12_78,MD12_79,MD12_80,MD12_81,MD12_82,MD12_83,MD12_84,MD12_85,MD12_86,MD12_87,MD12_88,MD12_89,MD12_90,MD12_91,MD12_92,MD12_93,MD12_94,MD12_95,MD12_96,MD12_97,MD12_98,MD12_99,MD12_100,MD21_1,MD21_2,MD21_3,MD21_4,MD21_5,MD21_6,MD21_7,MD21_8,MD21_9,MD21_10,MD21_11,MD21_12,MD21_13,MD21_14,MD21_15,MD21_16,MD21_17,MD21_18,MD21_19,MD21_20,MD21_21,MD21_22,MD21_23,MD21_24,MD21_25,MD21_26,MD21_27,MD21_28,MD21_29,MD21_30,MD21_31,MD21_32,MD21_33,MD21_34,MD21_35,MD21_36,MD21_37,MD21_38,MD21_39,MD21_40,MD21_41,MD21_42,MD21_43,MD21_44,MD21_45,MD21_46,MD21_47,MD21_48,MD21_49,MD21_50,MD21_51,MD21_52,MD21_53,MD21_54,MD21_55,MD21_56,MD21_57,MD21_58,MD21_59,MD21_60,MD21_61,MD21_62,MD21_63,MD21_64,MD21_65,MD21_66,MD21_67,MD21_68,MD21_69,MD21_70,MD21_71,MD21_72,MD21_73,MD21_74,MD21_75,MD21_76,MD21_77,MD21_78,MD21_79,MD21_80,MD21_81,MD21_82,MD21_83,MD21_84,MD21_85,MD21_86,MD21_87,MD21_88,MD21_89,MD21_90,MD21_91,MD21_92,MD21_93,MD21_94,MD21_95,MD21_96,MD21_97,MD21_98,MD21_99,MD21_100
0.0393100016061673,0.0409872485997846,0.0354066726470042,0.0408788993724873,0.0397095793482974,0.0389701017221952,0.0387654681653351,0.0353523582837748,0.0396923488725851,0.0342914308764698,0.0340538026738735,0.0349126984976731,0.0405993394642719,0.0375114759612495,0.0413029648926952,0.0321472754207274,0.0357952238234275,0.0304314221313792,0.0344642011976562,0.0334118825508466,0.0325102678458368,0.0282323441770093,0.0318609345044606,0.034083217743654,0.0346261445533587,0.0353206108886169,0.0392285901091512,0.0377910496141819,0.0379888567988526,0.0341770725801875,0.0408420506258944,0.0321486281118297,0.0319201008152573,0.033122172008511,0.0407186835741401,0.0272063020753166,0.0333945656959117,0.0340590596457106,0.0371522818426904,0.0308707638001136,0.0327915628760483,0.0280117551924172,0.0376190379636867,0.0376193508822216,0.0403570024723987,0.0318538557858266,0.0365894599655162,0.0268874492823411,0.0424257824253284,0.0315217394925049,0.0412496850196315,0.0410675238956311,0.0317323868714436,0.0402081966769328,0.0365787094966672,0.0245339596864812,0.0395522756530665,0.0343217396047362,0.0382893426949319,0.0424265503781256,0.0272175801018429,0.0395149267264086,0.0332253666391965,0.0364871524517829,0.0355456695685339,0.0355412786905201,0.0294470838975905,0.0291636528074129,0.0297738474642053,0.0378325512029206,0.0262559168686384,0.0280727394458676,0.0316143838654272,0.0354640578399473,0.0294838398475164,0.0361083339994194,0.033906605656224,0.0371877559808467,0.0283901007281358,0.0267855801885763,0.0301928750628437,0.0290268698853399,0.0303512453461082,0.0262662745751403,0.0316525330556153,0.0299474118583022,0.0234990767897228,0.0211342780477852,0.0395100016108879,0.0370671678420951,0.0283479816215278,0.026409016502511,0.0358876765909413,0.0313354041542879,0.0352138802645593,0.0364372539810625,0.0399644048089468,0.0288681212801571,0.0368105723719881,0.037157589806728,0.0340501033909518,0.0346861635696118,0.0338029243189523,0.0413436573790587,0.027700297593873,0.0248919316877087,0.0329109081556426,0.0291958568885199,0.0396053445444038,0.0241705614462317,0.0375569048306266,0.0361268124252246,0.0295674309000534,0.0357949219747826,0.035971850838941,0.0317263510342128,0.0365877539159229,0.042426463008588,0.0260090931157054,0.0396768604937253,0.025252933068349,0.0336660771842693,0.0311089363613439,0.0289041237974897,0.0254220367853862,0.0341582675791426,0.0217732676288849,0.028683231828067,0.0343897963553945,0.0334932865540944,0.0344938186210148,0.0193566131993424,0.0330747435904487,0.0311676451255768,0.0400661951974602,0.0381509577556473,0.0289365526567296,0.0377243839758567,0.0321390014519959,0.0385070341366426,0.0286227348276203,0.0307599892491575,0.0241053839987722,0.0293829292737411,0.0375145228953432,0.0248432559490518,0.0304369215102868,0.0357478180144605,0.0279239983936857,0.0342803119368222,0.0292959094053211,0.0292736513373937,0.0305039076325542,0.0269966605252946,0.0326484733538924,0.0153215507659516,0.0345314735223817,0.0201495390676053,0.0261549763028041,0.0317263304818483,0.031161619863206,0.0291767016614221,0.0261649771044294,0.0253513621299667,0.0255085623225944,0.0357988397993207,0.0328324792428025,0.0227744088168095,0.0311860374473156,0.0357932964310248,0.0203947384273439,0.0354384293065444,0.0337360715229132,0.0323619842690517,0.0237846003221559,0.0207944248217448,0.0346463371722776,0.0333409703103562,0.0324197742962514,0.0276741018073071,0.0370594210309392,0.0278964548536907,0.0297756898683436,0.0188282640516482,0.0348804683046282,0.0325471258146117,0.019774260920078,0.0246277876262516,0.0359513350961325,0.0214442037604864,0.0200077574104226,0.0277910740077814,0.0246082285232018,0.0210409621960757,0.020376218056066,0.0220198722207613,0.0276741864518155,0.0173371699413721,0.0178673936028552,0.0180516232349708
0.0380552728556832,0.0335684527106941,0.0337715253563419,0.0331608986767746,0.0382937359479091,0.0406585094728454,0.0407482207813253,0.0424265441308885,0.0328810426945945,0.022216367720002,0.036155178692565,0.0334275450444657,0.0394205163398017,0.0399344151515889,0.0325503644778071,0.0334235727605733,0.0340198171615675,0.0389260529767401,0.0349868568292177,0.0260074496075891,0.0362037163766356,0.030651623013467,0.0335481797984488,0.0244719748119243,0.0285068073560468,0.0293688187900141,0.0362349144019339,0.035934055764415,0.0276418403904841,0.0239442112242628,0.0343714863624972,0.0333309620980618,0.0348629303547842,0.0256215507532189,0.0353927882585448,0.022557270087274,0.0296493388965169,0.0318379289030744,0.0342720359034907,0.0269276540141492,0.0343429251455976,0.0324922446802993,0.0246623539626154,0.0254664311586223,0.0186675026817788,0.0278288113065664,0.0272879851165299,0.0109099855579832,0.014881089612787,0.0251819656587701,0.0118241946918703,0.0127900120479835,0.0217278962957588,0.0205916781579178,0.0206458570166154,0.0334656349142178,0.0263552108246943,0.0192018365732728,0.0191786323750913,0.0286197647229549,0.0250598479199375,0.0249691082450495,0.0222000940428299,0.0177682805095885,0.0219387959925093,0.027754951742926,0.0251332796134785,0.0189921633072948,0.0271566183721205,0.0198785289667847,0.0217915582911529,0.0254722767060647,0.0191943913006257,0.0265123484503891,0.020515182329875,0.0194223727480819,0.028668927779836,0.0204807455926847,0.0272819457062674,0.0102227734435107,0.0189841246818606,0.0229634179687387,0.0226184384362381,0.0142699968348712,0.0169443863089712,0.0193908185972314,0.0133318198302471,0.0186066201450436,0.0199700002689155,0.0172844306718531,0.0213457962981677,0.0142314793556192,0.0115703665560766,0.00850353113383467,0.00501571626430926,0.0110386685005339,0.0201295491981595,0.00894979533564345,0.0147411874736182,0.0038403149413832,0.0197938034349456,0.0251697561600367,0.0314451029018889,0.0202837868886006,0.0397250325226807,0.0348155365355114,0.030110361424752,0.0365028108414017,0.031076263945623,0.0241461068500327,0.0293935762454315,0.0251395534273977,0.0289634050316319,0.0320421236245804,0.0315766704545098,0.0330225712953662,0.0327229606846929,0.0250699157437549,0.0323908246968888,0.0299057687674979,0.0294527653051292,0.0352110881229165,0.032553647680115,0.0223233402697922,0.0347106031052044,0.0239781967511761,0.0239240101531572,0.0270665077751801,0.0314750430717414,0.0255759525831278,0.027714312346525,0.0119660172748367,0.0304412096527224,0.0339827763382426,0.0284886891389868,0.0169785048577767,0.036315045506315,0.0323732647237553,0.03250671335967,0.0265255126167692,0.0215591862976012,0.0222399426276211,0.0317217770199237,0.0337587538372962,0.0313545942684994,0.0325962819659892,0.0247038666280306,0.0175980193621471,0.026059809534275,0.0313649627209753,0.0324827449300199,0.0178553054000133,0.0292768039186902,0.0261816223632714,0.0320783468266797,0.0262000538823697,0.0281154843798895,0.0338570326028667,0.0246635749481905,0.0175023135215066,0.0229361566913896,0.0263267899845773,0.0220592974981954,0.0319711041189092,0.018734963067895,0.0240065757351124,0.0288213195758655,0.0179962904992878,0.0274498273517021,0.033066474240744,0.0263758656574355,0.0218643841880776,0.0210400334385754,0.0204737296171397,0.0172077344545338,0.0225559809060497,0.0293099310066822,0.020290005262495,0.021959308105227,0.0209967486241666,0.0222003762847348,0.0257940061990464,0.0210636176111953,0.0154434013954218,0.0218145954723233,0.0169816075810879,0.0291348049945789,0.028019240619691,0.0182487004654649,0.0197167612773823,0.0169493650457743,0.0146916174109051,0.0214950931040414,0.0256840861251102,0.0189406424652717,0.0295998091783251,0.00958500541011546,0.0117875412798277,0.0102017566233679,0.021439076952047
0.040330069166676,0.0354104090952806,0.0349437110230677,0.037836833972732,0.0309017749247768,0.0310379516912888,0.0326816017702532,0.040416077584479,0.0372333888440231,0.0411785450836283,0.0273486119603471,0.0384858629382385,0.0307211975146799,0.0424265510904482,0.0301079887525772,0.0387116866141075,0.0416899488751743,0.0409515671631612,0.0368855406854885,0.0366082921102448,0.0361517000451774,0.0326380376038259,0.031942491752766,0.0320461398599311,0.0356567112990416,0.0353442931924424,0.041778413562245,0.0323904559810494,0.0341224859157333,0.0274536227367503,0.0348854384037833,0.0363097694656848,0.0241571311435432,0.0324156516001073,0.0227256348262258,0.0322669934052111,0.0303194519841097,0.0189267809576071,0.0249783506367487,0.0341560538683276,0.0218332691590132,0.029245864074286,0.0301856290144487,0.0244575594126017,0.0266025412869628,0.033875669137161,0.0242952508075448,0.030018972105265,0.0265304738985683,0.0308782576170903,0.0390162256679326,0.0311875745389564,0.0281950764527911,0.0320502375326362,0.0323249284492077,0.0304919584081828,0.0325392528178631,0.0309231594360781,0.0327325604516746,0.0275955060629895,0.0256533674132821,0.0219117539663362,0.0204141143327344,0.0168840280006523,0.0258674317861729,0.021987981600861,0.0107862537354019,0.0259868853131741,0.0270068293352762,0.0218062886318493,0.0235230553787509,0.0199118133278907,0.00955024108633891,0.0186050109093458,0.0210734769568817,0.012858219664418,0.0110902038049746,0.014136003874661,0.0238035401758197,0.0245432890218823,0.00174924102201631,0.0141889144867816,0.0135533044247219,0.012260530931254,0.0253327202365384,0.0174042402378533,0.0176904457849193,0.0171869505679934,0.00860074624040089,0.0208073025291167,0.00505111101390944,0.00678060877008581,0.0088713660452818,0.015026471028259,0.0226608743585653,0.0125628980672508,0.0142179004884726,0.00808093850113915,0.0127619739994142,0.0133594039381879,0.0247172479554195,0.0310556033497594,0.0312511134595737,0.0232212874087437,0.0350472926562329,0.0408133162983489,0.0266707972006817,0.0243219975108425,0.0259590589201214,0.0395246345547782,0.0322702191846879,0.0293514863300921,0.0272581938979315,0.0358445691287272,0.0364874681420989,0.0312611743727939,0.0315976198479566,0.0424264624910519,0.0327194818819399,0.0293881462062738,0.0296550867464774,0.02371939050047,0.0391081550733681,0.0270814635285996,0.0361386502814049,0.0367208950389281,0.027360198951877,0.0350857882001299,0.0285215475331811,0.0318412399234933,0.027972370077134,0.0321376392298264,0.0351936544448118,0.0259591910941646,0.0352258037005915,0.0244735534820082,0.027947845717669,0.028940145577378,0.0298803460067764,0.0314123434066521,0.0327570076850166,0.0241474850867447,0.0335098685685552,0.0302918431795915,0.0401155626502481,0.0273386216979549,0.0199776100749769,0.0296816394883881,0.0268500463024278,0.0222100434766876,0.0252520573961647,0.0243472481544212,0.0222310019237043,0.0255920152808175,0.026271108364323,0.0213461447383994,0.0306160685808897,0.0211640838387571,0.0294440758381254,0.026756104175488,0.0344827525653544,0.0299766263090545,0.0259043369663943,0.0235211869877846,0.0341378268926276,0.0335987298168908,0.0308662329674611,0.0259236547593561,0.02226224336437,0.0231240643363396,0.0280967107386986,0.0337128698086945,0.028218121864188,0.0315902221761529,0.0314583769716621,0.0278034343682842,0.0299620411359811,0.0312013454961721,0.0301812009900774,0.0225630506039451,0.0240561741095975,0.0271577343804982,0.0286224520708251,0.0365511316065088,0.0276429009720261,0.0249955090327054,0.022424728258954,0.0244725799858513,0.0247397767938422,0.0245703896145223,0.0257987105113023,0.0271555403950912,0.0112265227413512,0.0338281576157638,0.0171834005152456,0.0314286223037345,0.0241430864860518,0.0227712355456816,0.0245732757633113,0.0263480117250342
0.0414423985415027,0.0405594868231242,0.0359794621878913,0.0381247947943788,0.0335512592107088,0.0366647642034962,0.0360283991649323,0.0371925830815546,0.0383695475454586,0.0420088702757622,0.0314178105898387,0.0396072225656537,0.0383711010970564,0.0362293107629204,0.0353697704222778,0.0409301087043154,0.0424265378415545,0.0209784776374203,0.0388389482746045,0.0395750961048923,0.0352766042089354,0.0372256485409607,0.0356437118528811,0.0395640678511914,0.0315517199104452,0.0340286925597523,0.0291649396044734,0.0356388174264864,0.0424265471946332,0.0363800429692167,0.0417804361222783,0.0424265348220675,0.0424265355811486,0.0365571447278815,0.0393152093468532,0.0367970244624892,0.0424265361997754,0.0317688522413189,0.0286650474771206,0.0291003964760324,0.0312487328782901,0.0275864675921057,0.035993384239583,0.0301681082347537,0.0283626609420394,0.0326713681555528,0.0307320026448658,0.0294344375469881,0.0331565116074869,0.0328249710856333,0.0238827981795132,0.0287967097692279,0.0263059690365207,0.017549394723843,0.0248726767314946,0.026678106556335,0.0283053158961126,0.0286046925491069,0.0213677499594487,0.0247739583605878,0.0199428576844481,0.0308077372473059,0.0292662502832517,0.0214123815122569,0.0278429419483024,0.0255501943497855,0.0236437463326325,0.0169833318725286,0.0169486155368439,0.0248891395018454,0.0320278585265482,0.0212832684119874,0.0214367302991822,0.0257696819096923,0.028881326256842,0.0191729505291162,0.0185517159582217,0.0272002799049772,0.0150516164934641,0.0234981986205856,0.0136694038199795,0.0129553780308803,0.023710465821666,0.019810011130055,0.0157975274542305,0.0188188155920236,0.0286098312475284,0.0224076838778177,0.0208124432662636,0.0159356729607207,0.0218489461109437,0.0159427849995016,0.0169485789379557,0.0247551953011988,0.0222503132521387,0.0247910304099549,0.0265848703769645,0.0207411892353663,0.02492630524469,0.0201448861646634,0.0329778300929655,0.0330106492545779,0.0310164566137846,0.0317124616677698,0.0328183854095155,0.0262396536633626,0.0393925647348654,0.0267784714021099,0.0368047258684738,0.0258270356531907,0.0186486387026925,0.0293812857612186,0.0322146446874691,0.0396809933209812,0.0329929531888878,0.0317261397131482,0.0244533679382827,0.0366439348728129,0.0324059728385888,0.0292109466020422,0.0415890453806164,0.0394630751899231,0.0336012942695925,0.023894077063464,0.0330673166509842,0.0349388212751507,0.0352048876079551,0.034296139657971,0.0343861709962914,0.0305104350655598,0.0371414553082765,0.0314484993751588,0.0342555149161697,0.0259077316276947,0.0308361196278078,0.0331927753083162,0.0405238807946014,0.0255082299748034,0.0329256846564503,0.0310748655956159,0.0132950178280801,0.0352448991023475,0.0301643693087156,0.031401407200176,0.0351584059407994,0.0248102723307422,0.0274868001058918,0.0223744710294656,0.0351696441084445,0.0283174036804879,0.0388396980365652,0.0336007842000038,0.0290320589580396,0.0351150890254956,0.0263421727203636,0.0332786960746747,0.0374454800359551,0.0340412400548566,0.0394221601272841,0.031176019896575,0.0309663395720952,0.0334643308395608,0.0285119294913516,0.0342584688235068,0.0369231095784673,0.0179211532754501,0.0247992718665261,0.021130255516036,0.0274975763321255,0.0198482552859198,0.0211129284701665,0.0219599714035402,0.03224931538288,0.027533780080689,0.0315364366160017,0.0264635501558887,0.0200059928625813,0.032010138370258,0.0246943402622396,0.0247722640040361,0.0250603874955766,0.0210009298288447,0.0295447315131288,0.0174927211197644,0.0360843830883137,0.0294444269301355,0.0228425507191407,0.0235664081521619,0.0229340011845235,0.0175965915050516,0.0283445687920098,0.0236319532197222,0.0171813962298015,0.0232257214694821,0.0198429013124639,0.0189403214126155,0.0202948768239944,0.0165646954166174,0.0194444008926738,0.0260542627019463
0.0395344080671517,0.0424265510432455,0.0377804904128206,0.0424265298473361,0.0285137834816351,0.0307274607251683,0.0326786933078448,0.032382442462197,0.039769344084704,0.0340031105114106,0.0384863162074197,0.0313261131346731,0.0361176537199055,0.0336093838255813,0.0386418241299248,0.0347641825278258,0.0335594123164115,0.0323877333920869,0.0264860545666484,0.036821440654262,0.0349010122412681,0.040654167612907,0.0306377599023758,0.027531199590244,0.0335796329406193,0.0332800141564979,0.0279415779831054,0.0303747877195653,0.0279669868773757,0.0202085042508714,0.0340084798049546,0.0231836173383665,0.0301694210358556,0.0311924984379679,0.0275948925616164,0.0259441037798421,0.0238339862697874,0.0339658793658247,0.0363765696880835,0.0325190115894897,0.0398247960550413,0.0218047295261543,0.0297660965389327,0.0311383818090057,0.0227686379978306,0.0239956602052665,0.0348291338982101,0.0331264070823799,0.0263611098277194,0.0170980866050198,0.0256553833056366,0.026064928144235,0.0284118872398295,0.0190653938183429,0.0203234285494199,0.0187522675076536,0.0198629137554337,0.0164252244877995,0.0236188138437416,0.0131741127121745,0.0224799569878462,0.021844319152482,0.0156821277580098,0.0279267359155623,0.0163154761611665,0.0176542930343985,0.0211381037999017,0.0130018897936864,0.0100263972117602,0.0113607132643589,0.0158150880157502,0.00914988239160697,0.0181325251571719,0.0199495928950718,0.0146250489183143,0.0165704251496372,0.0246672017488299,0.0190120649130833,0.00944142577868535,0.0173021242036904,0.0312992469304583,0.0323002253341884,0.0257338273793096,0.014280184879025,0.0101935434310769,0.0256375195155186,0.0273275990796391,0.0158430358102282,0.0199889303660293,0.0236525050605264,0.015659357358297,0.00464604079989619,0.0158142249247413,0.0184739798745522,0.0181257605351664,0.0130116409929256,0.0144312909956989,0.0218815532956645,0.0137312258526556,0.0205966099952374,0.0305297777030364,0.0367702892056689,0.0352580714742692,0.0283862131449815,0.0236289405614581,0.0346421743066111,0.0282694372465584,0.0303081619523416,0.0347632713213727,0.0358876263653537,0.0300573357658941,0.0313577235964467,0.0337244185163264,0.0402887207268173,0.0330619634674983,0.0317212210248018,0.02401882296756,0.0299433604964419,0.0306850325707436,0.0327364292765587,0.0422399091452026,0.0306473626500017,0.0376638672021061,0.0313523891990925,0.0292510376776432,0.028542608838479,0.0386612911913372,0.0333996559411966,0.0347524618480779,0.0276526463863688,0.0262407439171829,0.026924117020661,0.0283026297293239,0.0319595908554477,0.0246899217504215,0.0284575313009084,0.0229332395788175,0.0336249378407375,0.0183608112696651,0.0348060907490197,0.0321881682977438,0.0281584621562606,0.0234683453144041,0.027947983327015,0.0305402045731032,0.0355018611746931,0.029822375829663,0.0386192238467286,0.0293837634964726,0.0277386125348301,0.0302099966836697,0.0357181884146219,0.0281110921854347,0.0277457002763211,0.0313163474095551,0.0312621731133172,0.0321228753176579,0.0324722469006865,0.0320386680164528,0.0255333593787787,0.0235130938211774,0.0400250762317834,0.0345239055067225,0.0330824930435661,0.0298088143251498,0.0348803611214136,0.0339774097078791,0.0313070209931778,0.0263485540851895,0.0217710349233023,0.0233981731180668,0.0275787745788099,0.0255940341751178,0.0194631973798317,0.0188960184567928,0.0238785953061159,0.0308890844196628,0.0135637351243956,0.0232919351582219,0.025801249896498,0.0190292926710502,0.0148806378803582,0.0237103074908982,0.0334507018490332,0.0273546797046845,0.016721260198257,0.0215574160814478,0.0247459565693853,0.0227325010781279,0.0284303733114091,0.0231614001882865,0.0229720186792949,0.0182024275964298,0.0153316744420975,0.0276438068973293,0.0171950672540551,0.0197158008702178,0.0140710659695936,0.0154619837882167,0.0187425715486182
0.0394705834928482,0.037842597841244,0.0343010154924439,0.0317256263319239,0.0411050694742699,0.036250254849876,0.0379166045017701,0.0339558259233996,0.0365679072161407,0.0389784370966986,0.0322779940258465,0.0332975121086667,0.0309423563738803,0.034939742657086,0.0408802458829097,0.0353556839064043,0.0371598267993525,0.0391915404520281,0.0285803638316575,0.0313942259018161,0.0341193770001662,0.0326351551646293,0.0316314380048471,0.0267009299352103,0.0393003105712454,0.038159184165193,0.0296878062841043,0.0319527963729085,0.0327582685582398,0.0360245280627067,0.0298231292554781,0.0378403449119299,0.0354088321030534,0.039078303504848,0.0401249223055948,0.0354819482261232,0.0365477462041237,0.0418745116822016,0.0348053745794039,0.040393628950645,0.0324350737750681,0.0332458390636998,0.0416129766830895,0.0403020783374014,0.0357157528784501,0.0261890220664798,0.0355351478864035,0.0332030083825036,0.0327101777431473,0.0367595100826551,0.0322753904530905,0.039897315522154,0.0280918046091295,0.0375216653860385,0.0333808297927317,0.034700130710973,0.0398035266727488,0.0376883769635578,0.0421608318251228,0.04058483430288,0.0272712999625206,0.0347087358070509,0.0370206808414031,0.036588744799921,0.0307593565024078,0.0288569350620644,0.0331602504936661,0.0330139919022247,0.0285656900808618,0.0356222572423847,0.0279365364572709,0.0216263035854308,0.0259494298988351,0.0264986034350512,0.022528200900966,0.0296512510881321,0.0325221370726658,0.0315292338077459,0.0251088916404398,0.0339837901878946,0.0255050537880598,0.0235278721161842,0.0302655284595813,0.0241523950192568,0.024038807232479,0.0276589813104463,0.0208917269538003,0.0295212331964859,0.0173873446783966,0.016157303390274,0.0219397429752616,0.0235285505442339,0.0275590068190033,0.0265237409867832,0.0151565823878659,0.0285201467817909,0.0264279329904579,0.0217849049211923,0.0198409113429891,0.0225796477628255,0.0424264614393701,0.0241471117563502,0.033056392582574,0.0303495547983824,0.0424264625120931,0.0320823841609154,0.0305559959592036,0.031486923854794,0.030399286071065,0.0255052202847171,0.0333217614371624,0.0328081131625833,0.0324085781088474,0.0253502943355889,0.0301543835913257,0.0317478281494736,0.0246119536357258,0.0382972784578265,0.0204463101959666,0.0287823915225119,0.0322855780477062,0.0176348206785462,0.0263318764362141,0.0227135189137884,0.0304378659763608,0.0265004577483046,0.0277021266004986,0.0334269036860506,0.0326558827655225,0.0361026143616662,0.0277015205323512,0.0292720310074556,0.0225016389971809,0.0299259747015451,0.0331539390393987,0.0372939165401501,0.0401185081191329,0.0304504287931686,0.0253220398445289,0.0201333158323506,0.039187293168872,0.0267512088893893,0.0325069189593815,0.0358315004658894,0.0327080601445868,0.0345266152366223,0.0276587814114304,0.042190581506941,0.0393078021377073,0.0322080395566533,0.037496373979859,0.0391133251647766,0.0332422547193331,0.0341742125669235,0.0336392424093542,0.0281979392789841,0.0398761969057802,0.0205705764315228,0.0306075950347219,0.0355333973124479,0.0231690048140036,0.0303722267247377,0.0326423009570364,0.0348627881594022,0.0304400200038603,0.029799537854644,0.0360068353122549,0.0320172690742407,0.0399316123973977,0.0318122857427746,0.0307653782759985,0.0248257877606249,0.0308427330280933,0.0383592718029626,0.0275546612995711,0.0255294691666506,0.0259822025690747,0.0391985922359349,0.0353627763038243,0.0279400767903655,0.0317201816976347,0.029528160392467,0.034359070946016,0.0319002262930105,0.0366039469699451,0.0387888001948842,0.0292289519221739,0.037258260260716,0.0355310183268086,0.0347653801517906,0.0300180092430409,0.0263574123456385,0.018176756695996,0.0351112331822145,0.0296435547458395,0.0414174802740129,0.0264077483834677,0.03708047602098,0.0306878553299133,0.0288323970751511
0.0405318370527819,0.0424265377146275,0.0358885035288509,0.0314690528024744,0.032842349173957,0.0288367822246887,0.0383630799911486,0.0383016832509643,0.0392160579900014,0.0295531812554853,0.0369835234446276,0.0246384692552003,0.0254533810543217,0.0322542833894184,0.0315877350940835,0.0257507484727096,0.0264045329142933,0.0234553878855359,0.0296907687318162,0.0298766280211581,0.0165240154564121,0.0329144526983146,0.0362112833399619,0.021050348096207,0.0208575615278049,0.0153230221096684,0.0262678971279905,0.026775141969366,0.0170277005079193,0.00896709478002557,0.0224363614277895,0.0179178568414808,0.024037284682141,0.0163876354057627,0.0148017291770468,0.0106111157576239,0.0124184217309311,0.00584155955133686,0.014778794387091,0.0194157053461025,0.00577009040225199,0.00883568030181641,0.00927602885762372,0.00146885919460674,0.00838000411340105,0.0205450181405885,0.00612972013012345,0.00131904270484078,0.00880957790748618,0.00254343886772647,0.014008945323017,0.000337192809532748,0.00438615828337109,0.006042607626915,0.0137526114520603,0.0151061717606876,0.017010150001474,0.00411866578332786,0.00377679901635412,0.00544066727974188,0.000831847757065858,0.0112275625982616,0.00665167759251255,0.0158088978104732,0.00199854496547458,0.00554265183495969,0.00382271425109834,0.0148856961945242,0.0116312086452907,0.0016211038351039,0.00110992626218231,0.00543101919356968,0.000880231657562146,0.00747278968754944,0.00517018484245232,0.0104805620629045,0.000389013094011593,0.0035913195677066,0.00692909059215694,0.00174188643373696,0.00533271680201184,0.00275271901968328,0.0106427829164582,0.00656827833006248,0.00100087923302575,0.0164649887300173,0.0154275406646316,0.00839720605262426,0.0109438263724465,0.0116085731454932,0.00600383663955567,0.00531434485828785,0.000440695823306487,0.00929562454502167,0.00925720394725709,0.00466638258610113,0.01436698807769,0.0115937473969094,0.0138373136808611,0.00364787532699785,0.0399096255090813,0.0351927761550475,0.020107122670692,0.0334762361734938,0.0297365117550343,0.0302344965317447,0.0419124632036263,0.0286307190282483,0.0243665361213112,0.0325511046150346,0.0318999844817327,0.0326792467585509,0.0239760557911952,0.0277936998382777,0.0254700129421919,0.035341076274311,0.0309257047044783,0.026217490299496,0.0298090777988302,0.039196443526153,0.0222545406280297,0.0251844677229591,0.0281595096251171,0.0287704256442508,0.0285909078159712,0.0246391218138306,0.0327571376613866,0.0174146932939568,0.0273267718892701,0.0239310355755875,0.0312023794795503,0.0191720043735994,0.0192462927233135,0.0214745842948269,0.0214222683955306,0.0158778462554107,0.0166976760402073,0.0281478693314862,0.027448540150715,0.0221096035381126,0.00858780260801769,0.0197207855598157,0.0264086432551875,0.0225373662447913,0.0243469288930399,0.0104159179644904,0.0196118054346201,0.0189553280443608,0.012884436423048,0.010462075708984,0.0144443598105305,0.00789558601159982,0.02184044082979,0.0120127555585781,0.0196381893393519,0.00531941984461312,0.0240527857839865,0.0220435495321383,0.00848551203785983,0.00830273735925383,0.0162607093349678,0.0225040628070773,0.0112243983221915,0.00505443930396104,0.00765954067004815,0.0124878530800692,0.0172755716013113,0.00748826993669994,0.0230112895430379,0.018784632041284,0.0175524642243167,0.00827995945623349,0.0141661811128403,0.0118985197284744,0.0228457508571206,0.013197980522003,0.0203496272032084,0.0144765046142969,0.00957863332553282,0.0164864510604439,0.0160580546618707,0.0162937524849069,0.021799884980314,0.0139342727738387,0.0127798801229189,0.0121212201689655,0.0148991660738176,0.0179541865035395,0.00184104324507249,0.0270339120168588,0.0159785204871702,0.0114676030835931,0.0251604933486795,0.0128966728222937,0.0158731281024319,0.00505000588067859,0.00678543855333716,0.00693676913319436,0.0110096372229638,0.0122480263587158
0.0392068754153632,0.0340321922345188,0.0418054986891096,0.0387360714791689,0.0424265411980624,0.0424265345994323,0.037644104236652,0.0344181251167878,0.0418258522077843,0.0348579538022124,0.0379547309533985,0.0292226754111834,0.0370401519518742,0.0288990151961247,0.0355743006554014,0.0352569918406144,0.0361045822925682,0.0256742717449544,0.0283307280259681,0.0391551970594796,0.0266799536372805,0.0342602658725432,0.0304759329991203,0.0357359531432023,0.0303080811791668,0.0349591194517417,0.0284521640485838,0.0302305413899295,0.0413022949761776,0.0288192060875117,0.0298417767565947,0.029415148904638,0.0320348673403387,0.0358566796859362,0.0270142898224447,0.0280103218079962,0.0237374342766203,0.0254731539155991,0.0229797899650601,0.0290078646217054,0.0320650978049971,0.0207700244562509,0.0259149896707989,0.030128094245142,0.0207469547075336,0.0270540047672063,0.0271420699212363,0.0172887861064795,0.0212706862713892,0.0276070903103929,0.0311927233633333,0.0196115548517251,0.0193827806706486,0.0196147854477883,0.0213241699291191,0.0188417730615263,0.0204621371565378,0.0111582933522482,0.014937470099655,0.0247380081464008,0.0221462582792813,0.0120968834031835,0.0121959260661987,0.010911721830686,0.0241179461023328,0.0160802201814868,0.0132577425360698,0.0240344906770084,0.0113739812124367,0.0104662633083404,0.0113026975525451,0.00792504968002469,0.0152141199913567,0.0142186243358168,0.0175770116728007,0.0146676694946656,0.00615619341267924,0.0113230772994498,0.0143308126549538,0.0117152620282126,0.0155476996672616,0.0219904508668835,0.00829267964677148,0.0091652253886363,0.00860326795811987,0.00251509051091626,0.00151677917813694,0.0124762722630476,0.00476730643608986,0.000982394577888105,0.00457319608131304,0.000482965812376095,0.010218108038256,0.000929969675153182,0.0129934602121997,0.00695691553040769,0.00516040276490215,0.00320661785783416,0.00335390672737189,0.00631144556535111,0.0353875258036768,0.0352727881920821,0.0336927743662835,0.0372526733952029,0.0286860361111327,0.0424264663780522,0.0328989442160229,0.0315239254174678,0.0386757374158125,0.0304930308655749,0.0284031773661486,0.0317705185948832,0.0347028557571343,0.0356523541466448,0.0317965657541644,0.0253284437672434,0.0292061202253512,0.0266482237675687,0.0222665226318022,0.0317594731936879,0.029770090601183,0.0169810527752359,0.0282983310450121,0.026800777035428,0.0183591894939635,0.024450580475341,0.0284963355428727,0.0280474279762388,0.026062075929054,0.0176212118648952,0.025145213027491,0.00876155400965702,0.0300714182591046,0.0202949140069459,0.0202925595602034,0.0188473432560175,0.014345223405231,0.0182177677291933,0.0161125746014809,0.0159206211304598,0.0223342624935568,0.0195986494072467,0.00440721990765681,0.0182952121631061,0.0293575411387075,0.00650723712652904,0.0113479519815147,0.0210272649576286,0.00879094715372908,0.0120305087041932,0.0149370202770926,0.00906234658390937,0.00993494886054173,0.0145339568344071,0.00476692683080582,0.0155739700067222,0.0107564161594134,0.0154247036985027,0.0158671758071052,0.0159775667502662,0.00964442766679677,0.00977007676763397,0.00830896841272389,0.0117010905574702,0.00684253716124586,0.0168991323446358,0.0105248877552166,0.017535146878825,0.0107812340194231,0.0118403116157516,0.010673127360664,0.0242471645694459,0.0120942170322337,0.00616944642436374,0.0197865453411831,0.0212253043993615,0.00952557148715783,0.0128931310604823,0.013630493152377,0.00905714502371244,0.0124650866298096,0.0128731233999287,0.00965299823867388,0.00581604789333742,0.0158928094958757,0.00931046367303159,0.00668175717076161,0.0182981033789644,0.00192041573915393,0.00216190599625162,0.0121720722324126,0.00396517818484826,0.00660516140078402,0.0038046899132836,0.000453170302345747,0.0105108832180397,0.00874991617817642,0.00139408441468771,0.00540008391963131,0.0122529465346251
0.0419629065080711,0.0330021249489338,0.0406211443603279,0.0398515164800036,0.0404250417559054,0.0357058847536281,0.0369600653984893,0.0317513447923503,0.032726920051341,0.0394209474243714,0.0364484671817915,0.0413097975143002,0.0380955317604434,0.0359074666343137,0.0314916969950434,0.0358295519909028,0.0353546956839673,0.0347781557111666,0.0420166911529095,0.0309835861574646,0.0376090151347746,0.0339453938966095,0.0353826971359413,0.0264019792267412,0.0322863183064874,0.038108560225354,0.0403615141121545,0.0275706220342875,0.0372191784590752,0.0251138351384767,0.0330089002730896,0.0332877244547435,0.0266820781519097,0.0353318425072932,0.0262906866257092,0.0306489554126924,0.0376083873116991,0.028694705401946,0.0362245833385655,0.0354637487113062,0.0322886712970538,0.0310275902040686,0.0273751717537907,0.0392651435669634,0.0295602592792202,0.0407843408801136,0.0334028868898056,0.0289072740128515,0.0243464288836008,0.0261555001544953,0.0330669161851822,0.0321412926642217,0.0293684916071896,0.0298320952963711,0.0287761596744012,0.0242178908610506,0.0352871911879908,0.0345275236246558,0.0287241596452505,0.0359779097103921,0.0314202760212031,0.0250396327289172,0.0270814086672053,0.027264056708684,0.0341357590681025,0.0281168258602958,0.0233231749388833,0.0302593222961583,0.0332082027943289,0.0261959295514384,0.0200736577376964,0.0231930401151485,0.016209135543104,0.0231895057931392,0.0291326324242903,0.0175901679021174,0.0196102526658303,0.0178920290048492,0.0220067851300063,0.0323404392455938,0.0162351148885831,0.0238506641028914,0.0236758662529092,0.020998005023071,0.0194629500753061,0.0179865176471684,0.0255131689152699,0.0152719507838381,0.0121449838613014,0.0198074372623716,0.0243768312623895,0.0327461786134489,0.0194856697918243,0.0183485829594324,0.00519497425252351,0.0125413956702599,0.0196428932230822,0.00726140136023815,0.0188246000590484,0.0233191171619608,0.0375716885744442,0.0361444563622357,0.0291986279463655,0.0248609119461699,0.0324857668470897,0.0352420991103705,0.0213320278951991,0.026826326420184,0.0398482835651773,0.0217899831768517,0.0211276340499669,0.0307194851287028,0.0271476658633955,0.0274404547325747,0.0349115252712065,0.0372554233054784,0.0322593472682297,0.029472730080439,0.0267053140188684,0.0331229345050713,0.0320530614289593,0.0356482941167988,0.0259103024832293,0.033729953142298,0.0321206925629768,0.0289300074575989,0.0346116218976812,0.0272104665601005,0.0256161495080068,0.0273597891119163,0.0260948289372302,0.0328073993574229,0.0317514096239846,0.0231621062341819,0.0233265107314103,0.0247678388552979,0.0152567910152598,0.0146609241767889,0.00987269551130649,0.0198790412134208,0.0238879317505942,0.0232172503460862,0.0104553368992855,0.0194106066382489,0.0170596661959675,0.0241549180498636,0.0260581923467354,0.0245956826328759,0.0100864179555667,0.0253463906502128,0.0178751625005196,0.0286264999375562,0.0180954400991117,0.0221482828527593,0.0132994734752643,0.0293580846143426,0.00984729082188084,0.0224139446152615,0.0213489294938352,0.0203284312997651,0.0180264303992376,0.00979185493757434,0.0140131206697813,0.0219473854033755,0.0152375016597892,0.0166691233709008,0.0190018703641205,0.0105883369978445,0.0136380638993601,0.0160438230093587,0.0136120275912609,0.0186397175051465,0.0219872554223417,0.0173338835371429,0.0235047929565863,0.0229916079549364,0.0188076582649972,0.0104774244219372,0.0135410082587991,0.0164977715171586,0.0188635646621916,0.0213316180114436,0.0200308686228874,0.0120699408325021,0.0145351936379241,0.0217462430337908,0.0168764893112855,0.00960828616938688,0.0239594500600527,0.0201418419980247,0.0206621787217886,0.0184944733094235,0.0267374040315161,0.0151906711994198,0.021463218408683,0.0223828166976473,0.0205999928642161,0.0298714934955737,0.0265369722962403,0.0120983141231771
0.0424265473554566,0.0342846146766963,0.0345499269936589,0.0404550504610854,0.0385428809256348,0.0398974080949187,0.0324041233400442,0.0370867312174243,0.030989800473063,0.0338501485712617,0.0380902588477562,0.0398851391399424,0.0361117279355068,0.0293559027193171,0.0376343124317084,0.0371530211339095,0.0357929126524921,0.0270017021168567,0.0309263964287495,0.0274415476457839,0.0349219401525618,0.0381061215508582,0.0365723531042553,0.032856414331737,0.0307680620172674,0.0346030264773126,0.0328653002243915,0.035920669924941,0.0328892129368864,0.025222416054663,0.0324686257843405,0.0262309284905304,0.0296560380323296,0.0364217713661525,0.0358831195803801,0.0377078845575522,0.0185584012164601,0.0324527055085282,0.0317231600448246,0.0330491537646481,0.0275110222897384,0.0367765382326397,0.0330180572554103,0.0298251591900873,0.0345929368389201,0.0287728115265279,0.0408846264504012,0.0265512880364166,0.0362988091924684,0.0319259873869282,0.0269122628612687,0.0424265372786665,0.0313770688584177,0.015299723759634,0.0230009945208232,0.021876143414383,0.0169451605573377,0.0324805758340672,0.0385015709760643,0.0328151084003983,0.0280236543518735,0.0195737624763598,0.0277931799386972,0.0273487071417738,0.0141528945554322,0.0156596180047635,0.0228667859299743,0.0304856973220771,0.0264585888624309,0.0240003270410346,0.0281947096098122,0.0250618870994923,0.0285401523745735,0.0207344636753274,0.014653495315964,0.022409200581925,0.0212024881369005,0.0122329492904191,0.0220028119031938,0.0230919202575441,0.0207575629094731,0.0252903854217968,0.0229456746707275,0.00963369801252339,0.015294228583419,0.0167414973208493,0.0258990085302208,0.014706321018974,0.0140562745248967,0.0180033768898312,0.0180591207628837,0.017402455620489,0.0179612342363975,0.0156395766082474,0.0117613967199311,0.0140150686574459,0.0142411232303056,0.0196330419253499,0.00774850850318276,0.00674066418738827,0.0286081962483915,0.0251003102320956,0.0342142825100829,0.0294080999638563,0.0252108915111859,0.0339257877108033,0.0421875430379473,0.0355154149774396,0.0300390471093447,0.0391264664157772,0.0389396889377351,0.0319249066333533,0.0243974698461826,0.0355709501656651,0.0226005232226012,0.0314356863159465,0.0278793950434753,0.0321019901517085,0.0296111399676136,0.033315249496023,0.0250883102430676,0.0234904402383813,0.0286588370329875,0.0326587576213669,0.0310538267566739,0.0183913413270926,0.034629131692325,0.0233409004233326,0.0328967097869847,0.0360231326649605,0.0325890064540939,0.0332560077241104,0.0198400981117458,0.0359912181637881,0.0297406752944686,0.0284945382023488,0.036118778522851,0.0361473990444375,0.0387390741661316,0.0223490028040571,0.0234516653552503,0.0249610255714856,0.0312223411203802,0.0194606211035361,0.029134215439518,0.0329376920719943,0.0274183293337579,0.0317767851617433,0.0280910567829284,0.0319149151941046,0.0252056715604032,0.033480401878035,0.0118231272669136,0.0283925251202362,0.0290245674264436,0.0298344766843398,0.0236245118361344,0.0355400640512036,0.0243286022876878,0.0197608163845982,0.0283015359744822,0.03265653776033,0.0258275827291049,0.0194365982957216,0.0321014241846391,0.0112545497148861,0.0291616263387119,0.0176506729983413,0.0211484730508767,0.0247497851352442,0.0296743209774208,0.0216662811256621,0.0192606955508543,0.0265500050536617,0.0264324277727893,0.0203805027846627,0.0113977493333754,0.0288225630987286,0.0202965158983204,0.0250781231983772,0.0212882182678396,0.0295703193615028,0.0233618847956768,0.0179093399528187,0.0214956577018841,0.0295574375289077,0.0248206655872911,0.0180266982039313,0.0167932124716911,0.0251621155700478,0.0116089722577978,0.0100131156585422,0.02587738585166,0.0136960880958105,0.0190974132711381,0.019097216979495,0.0176129156595234,0.0295235756756749,0.0261880324032417,0.0193723152050399
0.0403017976097877,0.0371050760061019,0.0380227623281073,0.028203901385443,0.031648335406181,0.0394717041449281,0.0366059807099612,0.0382157205947354,0.0294273323819567,0.0386551741410145,0.0303081359380645,0.0315189607993346,0.0409753594344481,0.0358387445330056,0.0334699475694345,0.0254673640177621,0.0354666935988199,0.0393109544640179,0.0410248728513143,0.0281699148288971,0.0292297612948292,0.0291676313348863,0.0245570661226509,0.0296312940612403,0.0213957835903804,0.0341228945288159,0.0276326525467174,0.0325078736693571,0.0272629090821686,0.0260242970579203,0.0278049032477161,0.0284750894569323,0.0232681456845261,0.0124518262743592,0.0230090155875155,0.016815326204952,0.020833544054063,0.0224061992541417,0.0179216331027468,0.0144435614914117,0.0119695095668403,0.0093986624352808,0.0122624484031824,0.0245026666188196,0.0119084985684648,0.0144385851153242,0.0130428599724405,0.0103966622473127,0.00578153118334975,0.0129240667164424,0.0181145529334414,0.0141084555212377,0.0056722446430987,0.0146320355849492,0.00814834028034727,0.00411084195091458,0.0132912565852248,0.00102969766213453,0.0093184164777307,0.00178859267126903,0.00381640405110961,0.00389781556292188,0.00740100672431676,0.00415119351405779,0.00948202193414893,0.00272963743526661,0.00420164974320127,0.0190665203338584,0.000969607050369106,0.00631401000424877,0.00304472973829585,0.00163397782440706,0.00752551279607295,0.0101815830958096,0.0125334432399459,0.00803517108841384,0.010593830531049,0.00514085891341153,0.0123342566605018,0.00632098850056806,0.00867167035020537,0.0100108378029435,0.00757494985293791,0.00743349839419884,0.00940442403983164,0.00586369175247596,0.00454981831675355,0.00819789303851719,0.00441291664316437,0.0105388809152571,0.0111274763771635,0.00866696074924524,0.0049870711755539,0.00803374014297213,0.0156718374264166,0.00270928115026306,0.00780089963885723,0.00973904302704202,0.00418861161974564,0.00316658879780714,0.0289152755371845,0.0331056460614144,0.0321885470910254,0.0353943335913011,0.0237621345015512,0.0217212179026869,0.0296487263098962,0.0315542462803615,0.0264073604372583,0.0355871293347947,0.0196991608431917,0.0265481875014115,0.0146596506606377,0.0270622129524273,0.0173439198998562,0.0274819663202163,0.0217120199934241,0.0259539708974548,0.0173266729966349,0.0250340791577723,0.0127072222546248,0.0201660256023282,0.0117505076709971,0.0226263075096371,0.00979326670457726,0.0131589681867138,0.0141659082027196,0.0263826101707673,0.0257213981284882,0.0152452759765347,0.0249574238959988,0.0220552120603312,0.0209143840453954,0.0321304552179341,0.037333352204051,0.025656600877701,0.026877675251634,0.0312216183536976,0.0196347467208131,0.0205017456961027,0.0121157336651589,0.0254115707411177,0.0236897942597,0.0230232806776227,0.0247139214546038,0.0159567702978202,0.0120826154347502,0.0228626311344301,0.0234770750802334,0.00618396271287929,0.0105873224792162,0.00613101399267901,0.00615703442774562,0.0162031269905665,0.00885976976049816,0.00271487786430863,0.0135369722117568,0.00943033382454143,0.00713156220695507,0.00831259264012793,0.00210575377092974,0.010571407740961,0.00543885758413039,0.0133485911735901,0.0058095033171518,0.0265483151954658,0.0124855324394453,0.00941683621454662,0.0201858725141107,0.0139303373227893,0.0107937443561059,0.0215749564086063,0.00215056880521472,0.00109025120571575,0.00643443266148778,0.0105997490496598,0.0129942080484344,0.0161055118504433,0.0116558796390259,0.00214534220723701,0.0127298524700851,0.0125698469204344,0.00327188072593817,0.00818362200495107,0.00338687510625784,0.00762077035554094,0.00519802281019199,0.00075214973751187,0.00306565766495391,0.00613027313019063,0.00307706624427228,0.00695309046107206,0.00365658244954285,0.00243338989700182,0.00388740147386704,0.00295649904244744,0.00968627575260363,0.00538220566805161,0.00147079263099777,0.00334896914800982
0.0388444566389112,0.0424265519296026,0.0421185280649403,0.0316530884933506,0.0424265501398695,0.034423194821562,0.0424265488219149,0.0377100101523655,0.0373838793302419,0.0415691315623665,0.0353987002972358,0.0242370944641814,0.0350867086248856,0.032213831822508,0.0420880245194016,0.0412009411676715,0.027838286687633,0.0289490926520154,0.0258588086114711,0.0364783653863956,0.0327428582356084,0.0174150659948861,0.0193171918140537,0.0187770008734958,0.0236543407592404,0.0118460695342354,0.0138334177205754,0.0256139666843061,0.00587997297684238,0.0142145899168049,0.0199077144559621,0.00846682035252393,0.0157153282850688,0.0169627435239063,0.0163913032670518,0.0136083221042485,0.0152073031406356,0.00868723727091008,0.00997251688348055,0.0109411300294278,0.000601576310605548,0.00815775995915219,0.0166820232348055,0.00762263337083801,0.000965502761132567,0.00253723931065636,0.0119156215118316,0.0103634254550829,0.00668564516866906,0.000665079144423178,0.0110980863884005,0.00513751358810403,0.0114628333568848,0.0116463074027047,0.00440535142813803,0.0200665765486037,0.00383065614823562,0.00833183911648582,0.00428631028985461,0.00592759212048619,0.00697688273299498,0.000221449437373874,0.0183460623601968,0.00935864479253034,0.0126939400573542,0.0211890605116068,0.00754628043927071,0.0116550301582119,0.0126768300896122,0.00208714976846037,0.00929979354989662,0.00566967992379007,0.0032172809664484,0.0113820468303068,0.000846562785628883,0.0157073585332084,0.013557925245992,0.00204275629956971,0.00637616565700789,0.00958069216561779,0.0004645580084544,0.00228977280225078,0.00338607984264198,0.000197440699618564,0.015210853595009,0.000777938372053395,0.00304110290682993,0.00396496015889809,0.00903106860510127,0.00556389958040599,0.00249374914156761,0.000877378808416356,0.00155366181272823,0.0084024072630225,0.00285401981172954,0.00931322649764747,0.00498592110788718,0.00794127301066502,0.0114196845485372,0.00192708415983624,0.013441540866715,0.0340880094729539,0.0327196756441666,0.0353768589957569,0.0365310869605882,0.0386737817892992,0.0250158815721975,0.0328714546881795,0.0295701006516929,0.0342370581411655,0.0304035393427652,0.0255226620131816,0.0266373945150935,0.0150892450168969,0.0275040594654613,0.018253283986153,0.0278601621390353,0.0188171998183429,0.0188902345583825,0.020558407312283,0.0275935794072384,0.0247029016539811,0.0249666692844485,0.0366260158797399,0.0170626022957056,0.0226015067876803,0.033875734402134,0.0211899513936443,0.0285864255725598,0.0196491052806708,0.0190827637721402,0.0287598511446779,0.025974116461251,0.0142230898297791,0.0304599444932088,0.025232595999064,0.0258429772235775,0.0300639293802181,0.0250164473307346,0.0187916615094332,0.0214490209666193,0.0188475722428078,0.0317484500669521,0.0269058847817748,0.0205762312898403,0.0294715720685681,0.0245144630173015,0.0177735408381496,0.0267606669330934,0.0247016159164435,0.0175208443760993,0.0277328259396524,0.0190486884687417,0.00955837768005679,0.0156954983241162,0.0176922904163884,0.0123954281752574,0.00833409279623529,0.021701283935278,0.0116604342192653,0.00649228464925503,0.0208384816670128,0.0173402775033832,0.0130068920384112,0.00855040231701314,0.0209908618839624,0.0185759178837456,0.0224898310310693,0.0104425616177638,0.0101996180348926,0.00990136870532085,0.0122399429676453,0.0189044749354594,0.00942547952597246,0.0122088444589479,0.0103267209877047,0.00676431504986751,0.00976993771458949,0.0127269714565478,0.00562871410282934,0.0268922476743479,0.0115715172895728,0.0146884457114825,0.0135482723326122,0.0175798209731614,0.0120720303679179,0.00224040449933341,0.0088785337683508,0.0127597452457195,0.00496201190008427,0.0112149199260523,0.0116984373013498,0.00275725667189998,0.0116878701635004,0.00892110900441428,0.00974624418430909,0.00427553700384558,0.0166147454687765,0.0158887761576811,0.0105396967668663
0.0413498368992689,0.041610180356181,0.0408579455925865,0.0368861094693321,0.0408300608703138,0.0305783526191151,0.0370430812324484,0.0353938156555089,0.0352208375641652,0.0293992813372115,0.0309967701341045,0.0251069808610775,0.0315976892025427,0.0316806860083605,0.0342776733693945,0.0285541915151466,0.023142159748919,0.0328771013930668,0.0239246129092565,0.0323074948152838,0.0201511309272844,0.0327351526488163,0.0249344714477203,0.016746854106395,0.0212674516249203,0.018890710715176,0.0283277345419866,0.0279055045291276,0.0201398917111329,0.0189921897980264,0.0196321820952571,0.0182999293707464,0.0120927161411627,0.0176371187886748,0.0135271691367752,0.0163314925846225,0.0115759639304322,0.0221439568012489,0.00588300285843536,0.0195237532608244,0.0170223527715434,0.00853880337341243,0.00590939137343502,0.00665966726702195,0.00288282043025114,0.00563267220590997,0.0142584844210011,0.0113639226579747,0.00169381597066766,0.00677906622844439,0.000945006596423976,0.00391784862513244,0.00137985231511273,0.00122081377060832,0.00227888844952066,0.00194502115725949,0.00659138116131987,0.0091197612688154,0.0119725933156956,0.000993185956791969,0.0018394995789372,0.00520903784080257,0.0067210288660157,0.00100878255108902,0.00199547687334634,0.0116985709012873,0.00559012734289008,0.000209748862654789,0.00336420843569134,0.0117144587799642,0.00108126425164076,0.00863736580562973,0.0076103274322918,0.000319272868282729,0.0111806150855191,0.00204282789800061,0.00701890864839175,0.00322171694530985,0.000565897714464524,0.00543817671296918,0.00541360059715141,0.00197924395244482,0.00053128782107083,0.00220594332563789,0.00512111487984691,0.00163747271028468,0.00651027802052724,0.00165167250281187,0.00492525171142456,0.00222502913378918,0.0084461217758204,0.0122642809712984,0.0137720805153246,0.00530474546356984,0.00188940092526009,0.00959576545503672,0.0105761967730779,0.00587908051685605,0.00806522589338542,0.00106888012888543,0.0204186315345257,0.0323022989934562,0.0396760734064232,0.0323310383093142,0.0297622899357853,0.0300151401502332,0.0303843234813001,0.0329540837500582,0.0232526935628086,0.0265907238649919,0.0299435658770099,0.0400512523429267,0.0309418958508469,0.0331259890296368,0.0251243000371047,0.0350925336759516,0.0354590198542072,0.0271109796200949,0.0393535897832549,0.0307959032134401,0.0195068375195592,0.0238007087910334,0.0233308894716197,0.0313342936902848,0.0366842975159253,0.0339347761494724,0.0343968296301223,0.0315473111091845,0.0325903687495876,0.0286459764098906,0.0286675104823046,0.0328791011312557,0.0372405335100898,0.0371238224095225,0.0244656141369366,0.0304827664132609,0.0370813395424024,0.0321706783352309,0.0296188494504932,0.0277401429290343,0.031636362492289,0.0352845345251023,0.0268783751843573,0.0370773974796018,0.0274166459702334,0.0201242971070334,0.016318218812361,0.0230046171847287,0.0298491311749171,0.0297019379951046,0.0339801766380731,0.0198468577453719,0.0259206677171356,0.0206501187676545,0.0262273169400861,0.0292968712252969,0.0351602509848852,0.0342253805381207,0.0249173658316268,0.0378465507650379,0.0160926321796249,0.0168191506428993,0.0169296520977177,0.0291811176661787,0.0224264910438759,0.0163858650735827,0.0187087276252316,0.0156490385537161,0.0183946606912254,0.0141131861471695,0.0126046380221351,0.0177623934830123,0.00536715215257194,0.016506473794986,0.0183671922133838,0.0117299346306644,0.0142857158136704,0.0214757271479859,0.0118509151523336,0.0199522172336597,0.0094180148810288,0.0136793000171255,0.0274199122342217,0.00849130559197991,0.0147486128031484,0.0135105328908796,0.0118178829205039,0.0101313321352589,0.0118317615830086,0.0207836294649141,0.00157503833125677,0.00769277048910767,0.00928040516543113,0.0172315363757651,0.00944125268115343,0.0112843523839969,0.00619067953422706,0.0165407527105305,0.00968112157879649,0.00412374101289556
0.0348860702359425,0.0341144073939023,0.0411747299374014,0.0388762334158289,0.031260215925648,0.0308547363628362,0.0348090515511311,0.0348122586702419,0.0272441405889083,0.0363214920934937,0.0341949487763407,0.0351354557640193,0.031955916323347,0.038625833831137,0.0336423186556013,0.0381122662253579,0.0331523871536698,0.0282094569781722,0.0220758299239663,0.0160504410481626,0.0371759392068919,0.0265035868843701,0.0173699439546037,0.0196309826314118,0.0181321455111615,0.0279279180987187,0.0276078129563024,0.0315491991510266,0.0213035373936282,0.0194305397006198,0.0197201974008234,0.0208177519128301,0.0112126630066467,0.0147185016703159,0.0278627276884214,0.0175173301537799,0.0212821634055599,0.0115788892221929,0.0112814291148965,0.0114415712301809,0.0140696583189777,0.0218449462238625,0.00759729578269502,0.00932707527139675,0.00132718868172572,0.00707276971030023,0.00745605626428154,0.00424494830129958,0.00694743061103176,0.0174035249581377,0.0128406646995705,0.010367187863918,0.0071849955862441,0.00836433887791351,0.0261202312439409,0.00838217958309167,0.0151481128431571,0.0112943104870015,0.00183950675448861,0.000189844580075258,0.0111706510917391,0.0160076002580639,0.00349327947678303,0.0117268137593581,0.0037199994107483,0.00278302802556017,0.00559704004823101,0.0039106307307344,0.0029781602569479,0.0131208673044693,0.000628941992272305,0.0186419344860318,0.0100839782346746,0.00478844980706332,0.00751182048728305,0.0103062359149828,0.00850330838743275,0.00991582506346112,0.00449565765858507,0.0104314082626793,0.00284350883770279,0.00607198471413428,0.00356320830374565,0.000641490080399064,0.00131466159746776,0.00960466723576933,0.000746368517111433,0.00111215721257319,0.0120086986712306,0.00181448158268363,0.0052471991057494,0.00603164465100134,0.00859048514570183,0.00181116646441055,0.00525417890985795,0.00158674972838323,0.00626122347871678,7.7965266977305e-05,0.00062371286916232,0.0022935993757411,0.0290464972457118,0.0396757549648594,0.0271755629765664,0.0329340222654428,0.0347284153734888,0.0311215879699584,0.0173727181804292,0.0369922807215216,0.0240137678212637,0.0269186618219706,0.028397379369809,0.023082717722539,0.0245092165613339,0.0295397856094675,0.027997727070621,0.027545805038846,0.02511003941744,0.0335365304144159,0.0273412335771477,0.0344201845628903,0.0257074411544962,0.0264014036474975,0.0298031425353118,0.0306535344759251,0.0285334103508362,0.0185439220570252,0.0269364596448426,0.0263326434349749,0.023142809365932,0.0196647208810373,0.0233895438824552,0.0159872656227597,0.0289590364188104,0.023306893739632,0.0181156903245475,0.0219328685997025,0.00614384925275465,0.0199418904394164,0.0104978740896144,0.0152031715461246,0.00865687125221351,0.0183223170419849,0.00907539618000071,0.0170918698009433,0.00974185155854559,0.011210403312641,0.0123223972222924,0.00985737260319968,0.0142552890337413,0.0185556266946494,0.0228332997632686,0.0272486014437473,0.0284118163237076,0.0123605625221291,0.020597218150317,0.0212539188184627,0.01374984631646,0.0172363155848444,0.0199829836545519,0.0116699471599384,0.0226936675559968,0.0212543519294679,0.0267438628467936,0.0180304117280122,0.0159896511947828,0.0147965280413962,0.0158100200936682,0.0196105862112804,0.0155321613401166,0.0140399618247078,0.0175764360688915,0.0184693683824588,0.0111501890218562,0.00438573400034801,0.00313766805718411,0.0124308681960125,0.019549558549164,0.00622339671988224,0.00661339403651149,0.000338820137022638,0.00835817379278131,0.00338866666173289,0.00297366721980233,0.0218232085056622,0.00580649350947688,0.00169684882893712,0.0100801752854429,0.00356181421228871,0.00806427146071853,0.0182055244004653,0.021536010270098,0.00927306216393207,0.0228782035607473,0.00417499003393351,0.00465638866447999,0.00309607833259193,0.0057171098642932,0.0195606817867579,0.00996628649341743,0.0131737404818144
0.0336418441113967,0.0330870303426119,0.0293060533157069,0.0407448225270592,0.0390134687139429,0.038278830492127,0.0291571417359447,0.0375314027201967,0.0359176827970254,0.0402456804904286,0.03330683912388,0.0326299338214561,0.0378416003445966,0.0281658711096909,0.0325688929172176,0.0305836008965945,0.0344559294666,0.0303957349522089,0.0375498616848286,0.0404271281278976,0.0340294159134942,0.0318651906787238,0.032228944649921,0.0255924767704975,0.0363571917506458,0.0330687036008951,0.0229527877830704,0.0273918427307701,0.0236797303329795,0.0209060244905598,0.0226578245517097,0.0354510005403497,0.0305945079528797,0.0320154819404706,0.0172430464863713,0.0211116800681014,0.0264817049971256,0.0244936342719277,0.0318490808449473,0.0253257755453596,0.0280951749431873,0.0223411278644384,0.0201082825616299,0.0186208968503861,0.0206378393126004,0.0145474540955697,0.0169163630110887,0.0177345153739487,0.0190278219602421,0.0237376296533931,0.0214574014506619,0.0144856154094176,0.023195984612538,0.0173279818087861,0.0228299850010618,0.0214332807334149,0.0104074632760814,0.0298194668082467,0.0176736307773912,0.0153819889113132,0.0257940719674888,0.0218443573718816,0.0188841978453873,0.0183231134186011,0.0197355995588404,0.0102759186129209,0.0129195214643917,0.0124577280306764,0.00654981124455742,0.00673539307521163,0.0175972700437657,0.00926393363843141,0.00652243938053509,0.0163740485309312,0.0165255617378949,0.0079326584839589,0.0172928418622698,0.0128680609154101,0.0102844097387407,0.0107923258409387,0.0231850953405886,0.0200057900961625,0.00841450245473494,0.0155610250057434,0.0229528429334386,0.0124369803147745,0.010810688356944,0.0296956032586327,0.0106834815286767,0.0180459352115123,0.01407433478326,0.0179888200423501,0.0233188793019724,0.0266526432824192,0.0169940035709079,0.0130233313938686,0.0270360718240271,0.0235583499172211,0.0285003022669046,0.0182251108069774,0.026570946042004,0.0321520370928133,0.0261712310407006,0.0347516043367967,0.033001964502054,0.0376377166194278,0.0404985195257794,0.0316283834169186,0.0303956260842924,0.0249107909085189,0.0398432481784128,0.025274837694506,0.0327426084153313,0.0370059444532792,0.0366990564109257,0.0279954120313127,0.0391981721157856,0.0362015394991,0.0227223302020415,0.0234509921268471,0.0262405755635276,0.031077692505954,0.0246275497005789,0.0191747920541102,0.0355142703517024,0.0243717293164226,0.0274959818457367,0.0219337602827498,0.0215333162881202,0.0247962512657907,0.0236701720949806,0.0246653389828613,0.0201714810797761,0.0227785081415893,0.0314921771606863,0.0292246236302148,0.0242587593684284,0.0295001236660876,0.0255914554696854,0.0223971101345077,0.0181071779608109,0.0145711270728509,0.019499151507282,0.024598313300544,0.0240397691635563,0.0202894722131875,0.0249796432414546,0.0280368329546222,0.017383128547915,0.026006165857749,0.0224147393209205,0.01166650141518,0.0170807840763113,0.0128982894991046,0.0162507164789868,0.0164018610874228,0.0180987786374128,0.00690720985397721,0.0187866558743312,0.00928596538814998,0.00684927412865644,0.019205821329942,0.0197153204591675,0.00918100542616774,0.00344082831002457,0.0140722082962698,0.0156637162287013,0.0178016177369025,0.0123001509649875,0.00878096539481704,0.0175082478574282,0.0090374043824577,0.00711808628957025,0.0133748538104129,0.00787767993520275,0.0115669408293452,0.0165681989240113,0.0201196712710383,0.00445179695444287,0.0058303611927109,0.0110777846112722,0.00143432334228486,0.00682839749504905,0.00188231898312392,0.0133225400226845,0.00421966302090675,0.0147362251470694,0.00878315210314397,0.00765860039770312,0.00836622841032897,0.0117644967438718,0.0083743612819348,0.0111765448223986,0.00134312039150243,0.0180019109861827,0.0213331270325446,0.00809321127304119,0.00580467025109322,0.00249124070785001,0.000653462973346627
